configuration_id,experiment,blocks,classifier,C,k,repeat,fold,risk_weighted_f1,risk_macro_f1,accuracy
post_mpnet__logistic_regression__C0.25__k64,post_mpnet,post_embedding,logistic_regression,0.25,64,0,0,0.6166623259130833,0.5364221407258111,0.6037735849056604
post_mpnet__logistic_regression__C0.25__k64,post_mpnet,post_embedding,logistic_regression,0.25,64,0,1,0.5639378073890922,0.4495993592827486,0.5463414634146342
post_mpnet__logistic_regression__C0.25__k64,post_mpnet,post_embedding,logistic_regression,0.25,64,0,2,0.5938036552521602,0.4897206179592027,0.5797546012269938
post_mpnet__logistic_regression__C0.25__k64,post_mpnet,post_embedding,logistic_regression,0.25,64,0,3,0.6014395661483085,0.5668501728211599,0.5960264900662252
post_mpnet__logistic_regression__C0.25__k64,post_mpnet,post_embedding,logistic_regression,0.25,64,0,4,0.5988759659584405,0.5431031977053615,0.5842293906810035
post_mpnet__logistic_regression__C0.25__k64,post_mpnet,post_embedding,logistic_regression,0.25,64,1,0,0.5759552802608885,0.4769417784091565,0.5606936416184971
post_mpnet__logistic_regression__C0.25__k64,post_mpnet,post_embedding,logistic_regression,0.25,64,1,1,0.6164587920789949,0.5080949920255747,0.6020408163265306
post_mpnet__logistic_regression__C0.25__k64,post_mpnet,post_embedding,logistic_regression,0.25,64,1,2,0.6145580591249513,0.5737017437200542,0.6128048780487805
post_mpnet__logistic_regression__C0.25__k64,post_mpnet,post_embedding,logistic_regression,0.25,64,1,3,0.6083317389160481,0.5302502444434085,0.5915492957746479
post_mpnet__logistic_regression__C0.25__k64,post_mpnet,post_embedding,logistic_regression,0.25,64,1,4,0.5920737428257663,0.5419999497878537,0.592948717948718
post_mpnet__logistic_regression__C0.25__k64,post_mpnet,post_embedding,logistic_regression,0.25,64,2,0,0.576943257163708,0.48103197671340436,0.5552407932011332
post_mpnet__logistic_regression__C0.25__k64,post_mpnet,post_embedding,logistic_regression,0.25,64,2,1,0.551720002560763,0.48628139685626315,0.5493827160493827
post_mpnet__logistic_regression__C0.25__k64,post_mpnet,post_embedding,logistic_regression,0.25,64,2,2,0.624848741930207,0.48355014072835856,0.60790273556231
post_mpnet__logistic_regression__C0.25__k64,post_mpnet,post_embedding,logistic_regression,0.25,64,2,3,0.5820753045025129,0.5410482874008411,0.5759493670886076
post_mpnet__logistic_regression__C0.25__k64,post_mpnet,post_embedding,logistic_regression,0.25,64,2,4,0.5835342397347876,0.5209120767880682,0.5718849840255591
post_mpnet__logistic_regression__C0.25__k128,post_mpnet,post_embedding,logistic_regression,0.25,128,0,0,0.6370789877414479,0.561327962673855,0.6289308176100629
post_mpnet__logistic_regression__C0.25__k128,post_mpnet,post_embedding,logistic_regression,0.25,128,0,1,0.582311835530194,0.48933669348286457,0.5707317073170731
post_mpnet__logistic_regression__C0.25__k128,post_mpnet,post_embedding,logistic_regression,0.25,128,0,2,0.6088212812433564,0.5035193142071128,0.6012269938650306
post_mpnet__logistic_regression__C0.25__k128,post_mpnet,post_embedding,logistic_regression,0.25,128,0,3,0.5690399453354656,0.5415294860381747,0.5662251655629139
post_mpnet__logistic_regression__C0.25__k128,post_mpnet,post_embedding,logistic_regression,0.25,128,0,4,0.6060423049976047,0.5445187807774247,0.5949820788530465
post_mpnet__logistic_regression__C0.25__k128,post_mpnet,post_embedding,logistic_regression,0.25,128,1,0,0.5653377269750278,0.46799159428872217,0.5635838150289018
post_mpnet__logistic_regression__C0.25__k128,post_mpnet,post_embedding,logistic_regression,0.25,128,1,1,0.6432812307202339,0.5278661782351115,0.6360544217687075
post_mpnet__logistic_regression__C0.25__k128,post_mpnet,post_embedding,logistic_regression,0.25,128,1,2,0.6241498068766441,0.5887389977316091,0.6189024390243902
post_mpnet__logistic_regression__C0.25__k128,post_mpnet,post_embedding,logistic_regression,0.25,128,1,3,0.6002272944848365,0.5015315120549397,0.5859154929577465
post_mpnet__logistic_regression__C0.25__k128,post_mpnet,post_embedding,logistic_regression,0.25,128,1,4,0.5946871607571519,0.5369920244484199,0.592948717948718
post_mpnet__logistic_regression__C0.25__k128,post_mpnet,post_embedding,logistic_regression,0.25,128,2,0,0.6085233058001288,0.5059633638769542,0.5949008498583569
post_mpnet__logistic_regression__C0.25__k128,post_mpnet,post_embedding,logistic_regression,0.25,128,2,1,0.5810495609166786,0.5081557325250761,0.5771604938271605
post_mpnet__logistic_regression__C0.25__k128,post_mpnet,post_embedding,logistic_regression,0.25,128,2,2,0.6062140616263465,0.45896766209259016,0.5835866261398176
post_mpnet__logistic_regression__C0.25__k128,post_mpnet,post_embedding,logistic_regression,0.25,128,2,3,0.6169914083213338,0.5759126785378664,0.6170886075949367
post_mpnet__logistic_regression__C0.25__k128,post_mpnet,post_embedding,logistic_regression,0.25,128,2,4,0.5973413024639089,0.534873003965277,0.5910543130990416
post_mpnet__logistic_regression__C0.25__kall,post_mpnet,post_embedding,logistic_regression,0.25,all,0,0,0.5841305685838395,0.4963040456623418,0.5723270440251572
post_mpnet__logistic_regression__C0.25__kall,post_mpnet,post_embedding,logistic_regression,0.25,all,0,1,0.5423769846025944,0.4812574343824343,0.5463414634146342
post_mpnet__logistic_regression__C0.25__kall,post_mpnet,post_embedding,logistic_regression,0.25,all,0,2,0.6158024857393443,0.5443846201406269,0.6134969325153374
post_mpnet__logistic_regression__C0.25__kall,post_mpnet,post_embedding,logistic_regression,0.25,all,0,3,0.5783832992838176,0.5329052363699103,0.5794701986754967
post_mpnet__logistic_regression__C0.25__kall,post_mpnet,post_embedding,logistic_regression,0.25,all,0,4,0.5826872992141725,0.50564475045305,0.5842293906810035
post_mpnet__logistic_regression__C0.25__kall,post_mpnet,post_embedding,logistic_regression,0.25,all,1,0,0.5905673964737972,0.4960380359487112,0.5953757225433526
post_mpnet__logistic_regression__C0.25__kall,post_mpnet,post_embedding,logistic_regression,0.25,all,1,1,0.5596105469103428,0.46974257013849013,0.5612244897959183
post_mpnet__logistic_regression__C0.25__kall,post_mpnet,post_embedding,logistic_regression,0.25,all,1,2,0.5656931495334551,0.5159968645461582,0.5640243902439024
post_mpnet__logistic_regression__C0.25__kall,post_mpnet,post_embedding,logistic_regression,0.25,all,1,3,0.6067102392626268,0.5294405289832119,0.6
post_mpnet__logistic_regression__C0.25__kall,post_mpnet,post_embedding,logistic_regression,0.25,all,1,4,0.5982378117496051,0.5306404052865733,0.6089743589743589
post_mpnet__logistic_regression__C0.25__kall,post_mpnet,post_embedding,logistic_regression,0.25,all,2,0,0.6004900070983592,0.5341604874871158,0.6005665722379604
post_mpnet__logistic_regression__C0.25__kall,post_mpnet,post_embedding,logistic_regression,0.25,all,2,1,0.5840142108880269,0.5016517232047254,0.5925925925925926
post_mpnet__logistic_regression__C0.25__kall,post_mpnet,post_embedding,logistic_regression,0.25,all,2,2,0.6541884762241336,0.5248260319602233,0.6413373860182371
post_mpnet__logistic_regression__C0.25__kall,post_mpnet,post_embedding,logistic_regression,0.25,all,2,3,0.5775898304504249,0.540324068380273,0.5822784810126582
post_mpnet__logistic_regression__C0.25__kall,post_mpnet,post_embedding,logistic_regression,0.25,all,2,4,0.5749404943358903,0.5245758052937161,0.5750798722044729
post_mpnet__logistic_regression__C1__k64,post_mpnet,post_embedding,logistic_regression,1.0,64,0,0,0.6080928075312846,0.5267779993353274,0.5943396226415094
post_mpnet__logistic_regression__C1__k64,post_mpnet,post_embedding,logistic_regression,1.0,64,0,1,0.5587749800138532,0.44650293050037115,0.5439024390243903
post_mpnet__logistic_regression__C1__k64,post_mpnet,post_embedding,logistic_regression,1.0,64,0,2,0.584387705063857,0.48236063761329717,0.5705521472392638
post_mpnet__logistic_regression__C1__k64,post_mpnet,post_embedding,logistic_regression,1.0,64,0,3,0.5944257572809563,0.5611233806351329,0.5894039735099338
post_mpnet__logistic_regression__C1__k64,post_mpnet,post_embedding,logistic_regression,1.0,64,0,4,0.5853562023939499,0.527076732191342,0.5698924731182796
post_mpnet__logistic_regression__C1__k64,post_mpnet,post_embedding,logistic_regression,1.0,64,1,0,0.5699513524273746,0.47010858502375075,0.5549132947976878
post_mpnet__logistic_regression__C1__k64,post_mpnet,post_embedding,logistic_regression,1.0,64,1,1,0.6144769385417399,0.5057961053837342,0.5986394557823129
post_mpnet__logistic_regression__C1__k64,post_mpnet,post_embedding,logistic_regression,1.0,64,1,2,0.6085321291537134,0.5648367797197228,0.6067073170731707
post_mpnet__logistic_regression__C1__k64,post_mpnet,post_embedding,logistic_regression,1.0,64,1,3,0.6041504006967336,0.5219300345765161,0.5859154929577465
post_mpnet__logistic_regression__C1__k64,post_mpnet,post_embedding,logistic_regression,1.0,64,1,4,0.5939318641006996,0.5453988606237864,0.5961538461538461
post_mpnet__logistic_regression__C1__k64,post_mpnet,post_embedding,logistic_regression,1.0,64,2,0,0.5789543057822906,0.4831838593448501,0.5580736543909348
post_mpnet__logistic_regression__C1__k64,post_mpnet,post_embedding,logistic_regression,1.0,64,2,1,0.5467092772573031,0.4806427230591423,0.5432098765432098
post_mpnet__logistic_regression__C1__k64,post_mpnet,post_embedding,logistic_regression,1.0,64,2,2,0.6210106049082706,0.4833669029767525,0.6048632218844985
post_mpnet__logistic_regression__C1__k64,post_mpnet,post_embedding,logistic_regression,1.0,64,2,3,0.5840091656758956,0.5427854607039468,0.5759493670886076
post_mpnet__logistic_regression__C1__k64,post_mpnet,post_embedding,logistic_regression,1.0,64,2,4,0.5837714879150075,0.5212607950256096,0.5718849840255591
post_mpnet__logistic_regression__C1__k128,post_mpnet,post_embedding,logistic_regression,1.0,128,0,0,0.6244567142843341,0.5497044075291593,0.6163522012578616
post_mpnet__logistic_regression__C1__k128,post_mpnet,post_embedding,logistic_regression,1.0,128,0,1,0.5742019926975679,0.468577458082882,0.5609756097560976
post_mpnet__logistic_regression__C1__k128,post_mpnet,post_embedding,logistic_regression,1.0,128,0,2,0.5958355937192953,0.4912908646854164,0.5858895705521472
post_mpnet__logistic_regression__C1__k128,post_mpnet,post_embedding,logistic_regression,1.0,128,0,3,0.5665470288822714,0.5399506625463413,0.5629139072847682
post_mpnet__logistic_regression__C1__k128,post_mpnet,post_embedding,logistic_regression,1.0,128,0,4,0.6067945943395956,0.5400761213932705,0.5949820788530465
post_mpnet__logistic_regression__C1__k128,post_mpnet,post_embedding,logistic_regression,1.0,128,1,0,0.563381476786421,0.4551017498818324,0.5606936416184971
post_mpnet__logistic_regression__C1__k128,post_mpnet,post_embedding,logistic_regression,1.0,128,1,1,0.6325265467267464,0.5166786046234001,0.6224489795918368
post_mpnet__logistic_regression__C1__k128,post_mpnet,post_embedding,logistic_regression,1.0,128,1,2,0.637372952787021,0.5994307333790967,0.6310975609756098
post_mpnet__logistic_regression__C1__k128,post_mpnet,post_embedding,logistic_regression,1.0,128,1,3,0.5856749141562855,0.4857071085067354,0.571830985915493
post_mpnet__logistic_regression__C1__k128,post_mpnet,post_embedding,logistic_regression,1.0,128,1,4,0.5771893366069595,0.5172192496829865,0.5769230769230769
post_mpnet__logistic_regression__C1__k128,post_mpnet,post_embedding,logistic_regression,1.0,128,2,0,0.5803158211433614,0.48103763675905953,0.5637393767705382
post_mpnet__logistic_regression__C1__k128,post_mpnet,post_embedding,logistic_regression,1.0,128,2,1,0.5764708819724135,0.5071600632863951,0.5709876543209876
post_mpnet__logistic_regression__C1__k128,post_mpnet,post_embedding,logistic_regression,1.0,128,2,2,0.6014526833975188,0.4608853720414373,0.5775075987841946
post_mpnet__logistic_regression__C1__k128,post_mpnet,post_embedding,logistic_regression,1.0,128,2,3,0.6099618070359636,0.5667557700566502,0.6075949367088608
post_mpnet__logistic_regression__C1__k128,post_mpnet,post_embedding,logistic_regression,1.0,128,2,4,0.605912542944907,0.5490301445954919,0.6006389776357828
post_mpnet__logistic_regression__C1__kall,post_mpnet,post_embedding,logistic_regression,1.0,all,0,0,0.5686455930813479,0.48907439403621583,0.5566037735849056
post_mpnet__logistic_regression__C1__kall,post_mpnet,post_embedding,logistic_regression,1.0,all,0,1,0.5450695575479031,0.4834147455440231,0.5487804878048781
post_mpnet__logistic_regression__C1__kall,post_mpnet,post_embedding,logistic_regression,1.0,all,0,2,0.5943149643338702,0.5289905112446815,0.5920245398773006
post_mpnet__logistic_regression__C1__kall,post_mpnet,post_embedding,logistic_regression,1.0,all,0,3,0.5681803983544411,0.5230265257016464,0.5695364238410596
post_mpnet__logistic_regression__C1__kall,post_mpnet,post_embedding,logistic_regression,1.0,all,0,4,0.5626735413467617,0.4833567645444812,0.5663082437275986
post_mpnet__logistic_regression__C1__kall,post_mpnet,post_embedding,logistic_regression,1.0,all,1,0,0.6001717811306386,0.505031084442849,0.6040462427745664
post_mpnet__logistic_regression__C1__kall,post_mpnet,post_embedding,logistic_regression,1.0,all,1,1,0.5391653468700698,0.45136162255919354,0.5408163265306123
post_mpnet__logistic_regression__C1__kall,post_mpnet,post_embedding,logistic_regression,1.0,all,1,2,0.5380617783582696,0.49199071280421947,0.5365853658536586
post_mpnet__logistic_regression__C1__kall,post_mpnet,post_embedding,logistic_regression,1.0,all,1,3,0.6020142617512406,0.523916068896187,0.5943661971830986
post_mpnet__logistic_regression__C1__kall,post_mpnet,post_embedding,logistic_regression,1.0,all,1,4,0.5864293409671562,0.5198889555822329,0.5961538461538461
post_mpnet__logistic_regression__C1__kall,post_mpnet,post_embedding,logistic_regression,1.0,all,2,0,0.5971526711987055,0.5311157092828673,0.5977337110481586
post_mpnet__logistic_regression__C1__kall,post_mpnet,post_embedding,logistic_regression,1.0,all,2,1,0.5784430076880576,0.4962641429150514,0.5864197530864198
post_mpnet__logistic_regression__C1__kall,post_mpnet,post_embedding,logistic_regression,1.0,all,2,2,0.6345624283512746,0.5045064721470288,0.6200607902735562
post_mpnet__logistic_regression__C1__kall,post_mpnet,post_embedding,logistic_regression,1.0,all,2,3,0.5624792729475582,0.5251439958543784,0.5664556962025317
post_mpnet__logistic_regression__C1__kall,post_mpnet,post_embedding,logistic_regression,1.0,all,2,4,0.5555241563481099,0.5079216059117142,0.5559105431309904
post_mpnet__linear_svm__C0.25__k64,post_mpnet,post_embedding,linear_svm,0.25,64,0,0,0.6132131301359817,0.5329871046174244,0.6069182389937107
post_mpnet__linear_svm__C0.25__k64,post_mpnet,post_embedding,linear_svm,0.25,64,0,1,0.5563636796882632,0.44762983655550326,0.5536585365853659
post_mpnet__linear_svm__C0.25__k64,post_mpnet,post_embedding,linear_svm,0.25,64,0,2,0.6210615032404484,0.5270593085719135,0.6196319018404908
post_mpnet__linear_svm__C0.25__k64,post_mpnet,post_embedding,linear_svm,0.25,64,0,3,0.6127894706987558,0.5798619316015714,0.6125827814569537
post_mpnet__linear_svm__C0.25__k64,post_mpnet,post_embedding,linear_svm,0.25,64,0,4,0.6020184094810698,0.5424167116291349,0.5985663082437276
post_mpnet__linear_svm__C0.25__k64,post_mpnet,post_embedding,linear_svm,0.25,64,1,0,0.5762225411989048,0.4709116670728763,0.5722543352601156
post_mpnet__linear_svm__C0.25__k64,post_mpnet,post_embedding,linear_svm,0.25,64,1,1,0.6238393138742604,0.5093888073873248,0.6190476190476191
post_mpnet__linear_svm__C0.25__k64,post_mpnet,post_embedding,linear_svm,0.25,64,1,2,0.612619320302077,0.5671024364574252,0.6158536585365854
post_mpnet__linear_svm__C0.25__k64,post_mpnet,post_embedding,linear_svm,0.25,64,1,3,0.6156779469603784,0.5389878213891371,0.6084507042253521
post_mpnet__linear_svm__C0.25__k64,post_mpnet,post_embedding,linear_svm,0.25,64,1,4,0.5904511393301033,0.5356938112256474,0.5961538461538461
post_mpnet__linear_svm__C0.25__k64,post_mpnet,post_embedding,linear_svm,0.25,64,2,0,0.5844309217161172,0.4975082431029568,0.5750708215297451
post_mpnet__linear_svm__C0.25__k64,post_mpnet,post_embedding,linear_svm,0.25,64,2,1,0.5596179692217426,0.46591861651723887,0.5648148148148148
post_mpnet__linear_svm__C0.25__k64,post_mpnet,post_embedding,linear_svm,0.25,64,2,2,0.6356382823013068,0.5047847606437478,0.6291793313069909
post_mpnet__linear_svm__C0.25__k64,post_mpnet,post_embedding,linear_svm,0.25,64,2,3,0.5842589218708102,0.5421869930005099,0.5854430379746836
post_mpnet__linear_svm__C0.25__k64,post_mpnet,post_embedding,linear_svm,0.25,64,2,4,0.5567604148679586,0.49354888997751833,0.5559105431309904
post_mpnet__linear_svm__C0.25__k128,post_mpnet,post_embedding,linear_svm,0.25,128,0,0,0.6459184161234424,0.5685657381864935,0.6446540880503144
post_mpnet__linear_svm__C0.25__k128,post_mpnet,post_embedding,linear_svm,0.25,128,0,1,0.5804430775978237,0.48278860876564245,0.573170731707317
post_mpnet__linear_svm__C0.25__k128,post_mpnet,post_embedding,linear_svm,0.25,128,0,2,0.6147424761998397,0.5005796907780986,0.6104294478527608
post_mpnet__linear_svm__C0.25__k128,post_mpnet,post_embedding,linear_svm,0.25,128,0,3,0.5909316148742805,0.553189653246347,0.5927152317880795
post_mpnet__linear_svm__C0.25__k128,post_mpnet,post_embedding,linear_svm,0.25,128,0,4,0.6191765011451832,0.5613156560178049,0.6129032258064516
post_mpnet__linear_svm__C0.25__k128,post_mpnet,post_embedding,linear_svm,0.25,128,1,0,0.5671589612431599,0.46295174894044255,0.5664739884393064
post_mpnet__linear_svm__C0.25__k128,post_mpnet,post_embedding,linear_svm,0.25,128,1,1,0.6306537694507208,0.5348479211371453,0.6292517006802721
post_mpnet__linear_svm__C0.25__k128,post_mpnet,post_embedding,linear_svm,0.25,128,1,2,0.6343644179713599,0.604482705444244,0.6371951219512195
post_mpnet__linear_svm__C0.25__k128,post_mpnet,post_embedding,linear_svm,0.25,128,1,3,0.6152270752823237,0.5226642736378757,0.6084507042253521
post_mpnet__linear_svm__C0.25__k128,post_mpnet,post_embedding,linear_svm,0.25,128,1,4,0.588637150995109,0.4905328101389809,0.5993589743589743
post_mpnet__linear_svm__C0.25__k128,post_mpnet,post_embedding,linear_svm,0.25,128,2,0,0.6040257440316698,0.5001750316659904,0.5892351274787535
post_mpnet__linear_svm__C0.25__k128,post_mpnet,post_embedding,linear_svm,0.25,128,2,1,0.6052797147596806,0.5158771254321126,0.6049382716049383
post_mpnet__linear_svm__C0.25__k128,post_mpnet,post_embedding,linear_svm,0.25,128,2,2,0.6098565751122085,0.45918109588869155,0.5927051671732523
post_mpnet__linear_svm__C0.25__k128,post_mpnet,post_embedding,linear_svm,0.25,128,2,3,0.6039609015800441,0.5621900485177721,0.6075949367088608
post_mpnet__linear_svm__C0.25__k128,post_mpnet,post_embedding,linear_svm,0.25,128,2,4,0.6096819290006121,0.540436675555763,0.6070287539936102
post_mpnet__linear_svm__C0.25__kall,post_mpnet,post_embedding,linear_svm,0.25,all,0,0,0.5260899873457102,0.42501796457219254,0.5157232704402516
post_mpnet__linear_svm__C0.25__kall,post_mpnet,post_embedding,linear_svm,0.25,all,0,1,0.5409673720927725,0.46241130085753596,0.5439024390243903
post_mpnet__linear_svm__C0.25__kall,post_mpnet,post_embedding,linear_svm,0.25,all,0,2,0.6039300788663262,0.5326306849735845,0.6012269938650306
post_mpnet__linear_svm__C0.25__kall,post_mpnet,post_embedding,linear_svm,0.25,all,0,3,0.5253638163545531,0.4757304283834966,0.5298013245033113
post_mpnet__linear_svm__C0.25__kall,post_mpnet,post_embedding,linear_svm,0.25,all,0,4,0.5581687316475508,0.4942967567211759,0.5591397849462365
post_mpnet__linear_svm__C0.25__kall,post_mpnet,post_embedding,linear_svm,0.25,all,1,0,0.5717614343435251,0.4963795113526898,0.5722543352601156
post_mpnet__linear_svm__C0.25__kall,post_mpnet,post_embedding,linear_svm,0.25,all,1,1,0.4949421052467465,0.40099388516424045,0.4965986394557823
post_mpnet__linear_svm__C0.25__kall,post_mpnet,post_embedding,linear_svm,0.25,all,1,2,0.544912218316645,0.47726889125187777,0.5457317073170732
post_mpnet__linear_svm__C0.25__kall,post_mpnet,post_embedding,linear_svm,0.25,all,1,3,0.5418150907976004,0.45931927243661086,0.5352112676056338
post_mpnet__linear_svm__C0.25__kall,post_mpnet,post_embedding,linear_svm,0.25,all,1,4,0.5666105870232817,0.48507421186164745,0.5801282051282052
post_mpnet__linear_svm__C0.25__kall,post_mpnet,post_embedding,linear_svm,0.25,all,2,0,0.5400189133297972,0.474843367382064,0.5410764872521246
post_mpnet__linear_svm__C0.25__kall,post_mpnet,post_embedding,linear_svm,0.25,all,2,1,0.5641020407486597,0.46854902061090564,0.5709876543209876
post_mpnet__linear_svm__C0.25__kall,post_mpnet,post_embedding,linear_svm,0.25,all,2,2,0.60174193536385,0.4798990569114408,0.5866261398176292
post_mpnet__linear_svm__C0.25__kall,post_mpnet,post_embedding,linear_svm,0.25,all,2,3,0.5246371940503326,0.4778324201878718,0.5284810126582279
post_mpnet__linear_svm__C0.25__kall,post_mpnet,post_embedding,linear_svm,0.25,all,2,4,0.5575347801516165,0.5111081747709655,0.5591054313099042
post_mpnet__linear_svm__C1__k64,post_mpnet,post_embedding,linear_svm,1.0,64,0,0,0.6132131301359817,0.5329871046174244,0.6069182389937107
post_mpnet__linear_svm__C1__k64,post_mpnet,post_embedding,linear_svm,1.0,64,0,1,0.558505205638024,0.4497015531111266,0.5560975609756098
post_mpnet__linear_svm__C1__k64,post_mpnet,post_embedding,linear_svm,1.0,64,0,2,0.6210615032404484,0.5270593085719135,0.6196319018404908
post_mpnet__linear_svm__C1__k64,post_mpnet,post_embedding,linear_svm,1.0,64,0,3,0.6100373739226942,0.5771417964784673,0.609271523178808
post_mpnet__linear_svm__C1__k64,post_mpnet,post_embedding,linear_svm,1.0,64,0,4,0.6020184094810698,0.5424167116291349,0.5985663082437276
post_mpnet__linear_svm__C1__k64,post_mpnet,post_embedding,linear_svm,1.0,64,1,0,0.5762225411989048,0.4709116670728763,0.5722543352601156
post_mpnet__linear_svm__C1__k64,post_mpnet,post_embedding,linear_svm,1.0,64,1,1,0.6238393138742604,0.5093888073873248,0.6190476190476191
post_mpnet__linear_svm__C1__k64,post_mpnet,post_embedding,linear_svm,1.0,64,1,2,0.6094210935828012,0.564294842733204,0.6128048780487805
post_mpnet__linear_svm__C1__k64,post_mpnet,post_embedding,linear_svm,1.0,64,1,3,0.6156779469603784,0.5389878213891371,0.6084507042253521
post_mpnet__linear_svm__C1__k64,post_mpnet,post_embedding,linear_svm,1.0,64,1,4,0.5904511393301033,0.5356938112256474,0.5961538461538461
post_mpnet__linear_svm__C1__k64,post_mpnet,post_embedding,linear_svm,1.0,64,2,0,0.5844309217161172,0.4975082431029568,0.5750708215297451
post_mpnet__linear_svm__C1__k64,post_mpnet,post_embedding,linear_svm,1.0,64,2,1,0.5632155826466138,0.46841336870390515,0.5679012345679012
post_mpnet__linear_svm__C1__k64,post_mpnet,post_embedding,linear_svm,1.0,64,2,2,0.6356382823013068,0.5047847606437478,0.6291793313069909
post_mpnet__linear_svm__C1__k64,post_mpnet,post_embedding,linear_svm,1.0,64,2,3,0.587456545748634,0.5477117082230779,0.5886075949367089
post_mpnet__linear_svm__C1__k64,post_mpnet,post_embedding,linear_svm,1.0,64,2,4,0.5540369697718966,0.4905129317847023,0.5527156549520766
post_mpnet__linear_svm__C1__k128,post_mpnet,post_embedding,linear_svm,1.0,128,0,0,0.6406428468990318,0.5646605459159791,0.6383647798742138
post_mpnet__linear_svm__C1__k128,post_mpnet,post_embedding,linear_svm,1.0,128,0,1,0.5778846178929304,0.4659566130580404,0.5707317073170731
post_mpnet__linear_svm__C1__k128,post_mpnet,post_embedding,linear_svm,1.0,128,0,2,0.6147424761998397,0.5005796907780986,0.6104294478527608
post_mpnet__linear_svm__C1__k128,post_mpnet,post_embedding,linear_svm,1.0,128,0,3,0.5802013812420921,0.5429398434950514,0.5794701986754967
post_mpnet__linear_svm__C1__k128,post_mpnet,post_embedding,linear_svm,1.0,128,0,4,0.616389493852455,0.5518033319767792,0.6093189964157706
post_mpnet__linear_svm__C1__k128,post_mpnet,post_embedding,linear_svm,1.0,128,1,0,0.568858482790479,0.4651838343801937,0.569364161849711
post_mpnet__linear_svm__C1__k128,post_mpnet,post_embedding,linear_svm,1.0,128,1,1,0.6306901007156109,0.5350912144785908,0.6292517006802721
post_mpnet__linear_svm__C1__k128,post_mpnet,post_embedding,linear_svm,1.0,128,1,2,0.6262341445307965,0.5952345642678333,0.6280487804878049
post_mpnet__linear_svm__C1__k128,post_mpnet,post_embedding,linear_svm,1.0,128,1,3,0.6093725992317542,0.5122518286311389,0.6028169014084507
post_mpnet__linear_svm__C1__k128,post_mpnet,post_embedding,linear_svm,1.0,128,1,4,0.5936738275509964,0.5060054954332535,0.5993589743589743
post_mpnet__linear_svm__C1__k128,post_mpnet,post_embedding,linear_svm,1.0,128,2,0,0.5975358128299568,0.4925482902252655,0.5807365439093485
post_mpnet__linear_svm__C1__k128,post_mpnet,post_embedding,linear_svm,1.0,128,2,1,0.6055823830193381,0.5152872636809607,0.6049382716049383
post_mpnet__linear_svm__C1__k128,post_mpnet,post_embedding,linear_svm,1.0,128,2,2,0.6057034457458457,0.45314664327269366,0.5866261398176292
post_mpnet__linear_svm__C1__k128,post_mpnet,post_embedding,linear_svm,1.0,128,2,3,0.6017420192732889,0.5597290482032451,0.6044303797468354
post_mpnet__linear_svm__C1__k128,post_mpnet,post_embedding,linear_svm,1.0,128,2,4,0.6124547843591547,0.5486972410495324,0.610223642172524
post_mpnet__linear_svm__C1__kall,post_mpnet,post_embedding,linear_svm,1.0,all,0,0,0.5165427706543989,0.4160899694185434,0.5062893081761006
post_mpnet__linear_svm__C1__kall,post_mpnet,post_embedding,linear_svm,1.0,all,0,1,0.5289617073689483,0.4501329834688684,0.5317073170731708
post_mpnet__linear_svm__C1__kall,post_mpnet,post_embedding,linear_svm,1.0,all,0,2,0.608653634163905,0.5310624773055477,0.6042944785276073
post_mpnet__linear_svm__C1__kall,post_mpnet,post_embedding,linear_svm,1.0,all,0,3,0.5083619908972006,0.4575374246477725,0.5132450331125827
post_mpnet__linear_svm__C1__kall,post_mpnet,post_embedding,linear_svm,1.0,all,0,4,0.5361323905296741,0.46309861191440144,0.5376344086021505
post_mpnet__linear_svm__C1__kall,post_mpnet,post_embedding,linear_svm,1.0,all,1,0,0.5770532655837287,0.5053179641385455,0.5751445086705202
post_mpnet__linear_svm__C1__kall,post_mpnet,post_embedding,linear_svm,1.0,all,1,1,0.48832226134344386,0.394719713884454,0.4897959183673469
post_mpnet__linear_svm__C1__kall,post_mpnet,post_embedding,linear_svm,1.0,all,1,2,0.540786031512781,0.4751149082173188,0.5426829268292683
post_mpnet__linear_svm__C1__kall,post_mpnet,post_embedding,linear_svm,1.0,all,1,3,0.5301278834938644,0.44099274457475374,0.523943661971831
post_mpnet__linear_svm__C1__kall,post_mpnet,post_embedding,linear_svm,1.0,all,1,4,0.5620444860741763,0.4896312597253391,0.5737179487179487
post_mpnet__linear_svm__C1__kall,post_mpnet,post_embedding,linear_svm,1.0,all,2,0,0.5345053946611507,0.4701450759867275,0.5354107648725213
post_mpnet__linear_svm__C1__kall,post_mpnet,post_embedding,linear_svm,1.0,all,2,1,0.5642484350907291,0.46641714915908467,0.5709876543209876
post_mpnet__linear_svm__C1__kall,post_mpnet,post_embedding,linear_svm,1.0,all,2,2,0.5806806375897531,0.4561336729813877,0.5623100303951368
post_mpnet__linear_svm__C1__kall,post_mpnet,post_embedding,linear_svm,1.0,all,2,3,0.5180906272481485,0.476030563566852,0.5189873417721519
post_mpnet__linear_svm__C1__kall,post_mpnet,post_embedding,linear_svm,1.0,all,2,4,0.5596850386829784,0.508178805281609,0.5591054313099042
single__zero_shot__macro__sentence__logistic_regression__C0.25__kall,single__zero_shot__macro__sentence,zero_shot__macro__sentence,logistic_regression,0.25,all,0,0,0.6143702302353614,0.5069936895070934,0.60062893081761
single__zero_shot__macro__sentence__logistic_regression__C0.25__kall,single__zero_shot__macro__sentence,zero_shot__macro__sentence,logistic_regression,0.25,all,0,1,0.5320517491824018,0.45716799058467805,0.5195121951219512
single__zero_shot__macro__sentence__logistic_regression__C0.25__kall,single__zero_shot__macro__sentence,zero_shot__macro__sentence,logistic_regression,0.25,all,0,2,0.5797299897235318,0.5001465823834246,0.5766871165644172
single__zero_shot__macro__sentence__logistic_regression__C0.25__kall,single__zero_shot__macro__sentence,zero_shot__macro__sentence,logistic_regression,0.25,all,0,3,0.4651614566080867,0.42468427582471324,0.45364238410596025
single__zero_shot__macro__sentence__logistic_regression__C0.25__kall,single__zero_shot__macro__sentence,zero_shot__macro__sentence,logistic_regression,0.25,all,0,4,0.5373441070339958,0.45773369179900086,0.5304659498207885
single__zero_shot__macro__sentence__logistic_regression__C0.25__kall,single__zero_shot__macro__sentence,zero_shot__macro__sentence,logistic_regression,0.25,all,1,0,0.5750025888957032,0.48790864799636724,0.5664739884393064
single__zero_shot__macro__sentence__logistic_regression__C0.25__kall,single__zero_shot__macro__sentence,zero_shot__macro__sentence,logistic_regression,0.25,all,1,1,0.5029924523922124,0.4348145318733554,0.47619047619047616
single__zero_shot__macro__sentence__logistic_regression__C0.25__kall,single__zero_shot__macro__sentence,zero_shot__macro__sentence,logistic_regression,0.25,all,1,2,0.5067617365688105,0.48333450913117554,0.5121951219512195
single__zero_shot__macro__sentence__logistic_regression__C0.25__kall,single__zero_shot__macro__sentence,zero_shot__macro__sentence,logistic_regression,0.25,all,1,3,0.6000973325774228,0.5011166974062916,0.5830985915492958
single__zero_shot__macro__sentence__logistic_regression__C0.25__kall,single__zero_shot__macro__sentence,zero_shot__macro__sentence,logistic_regression,0.25,all,1,4,0.5515553678682179,0.4975233342454587,0.5576923076923077
single__zero_shot__macro__sentence__logistic_regression__C0.25__kall,single__zero_shot__macro__sentence,zero_shot__macro__sentence,logistic_regression,0.25,all,2,0,0.49936940324961515,0.4093611801340586,0.4702549575070821
single__zero_shot__macro__sentence__logistic_regression__C0.25__kall,single__zero_shot__macro__sentence,zero_shot__macro__sentence,logistic_regression,0.25,all,2,1,0.5474652823725742,0.46799087959308955,0.5308641975308642
single__zero_shot__macro__sentence__logistic_regression__C0.25__kall,single__zero_shot__macro__sentence,zero_shot__macro__sentence,logistic_regression,0.25,all,2,2,0.6388144813050947,0.4900103980986334,0.6291793313069909
single__zero_shot__macro__sentence__logistic_regression__C0.25__kall,single__zero_shot__macro__sentence,zero_shot__macro__sentence,logistic_regression,0.25,all,2,3,0.5007764282734672,0.48271155544162464,0.5063291139240507
single__zero_shot__macro__sentence__logistic_regression__C0.25__kall,single__zero_shot__macro__sentence,zero_shot__macro__sentence,logistic_regression,0.25,all,2,4,0.5586968630292194,0.49932257107917266,0.5463258785942492
single__zero_shot__macro__sentence__logistic_regression__C1__kall,single__zero_shot__macro__sentence,zero_shot__macro__sentence,logistic_regression,1.0,all,0,0,0.6182479899859733,0.5001996000856959,0.6037735849056604
single__zero_shot__macro__sentence__logistic_regression__C1__kall,single__zero_shot__macro__sentence,zero_shot__macro__sentence,logistic_regression,1.0,all,0,1,0.5107076800764393,0.43935128516676303,0.5024390243902439
single__zero_shot__macro__sentence__logistic_regression__C1__kall,single__zero_shot__macro__sentence,zero_shot__macro__sentence,logistic_regression,1.0,all,0,2,0.5950709542118049,0.5163538808461652,0.5920245398773006
single__zero_shot__macro__sentence__logistic_regression__C1__kall,single__zero_shot__macro__sentence,zero_shot__macro__sentence,logistic_regression,1.0,all,0,3,0.45617020725612234,0.41522298807910435,0.44370860927152317
single__zero_shot__macro__sentence__logistic_regression__C1__kall,single__zero_shot__macro__sentence,zero_shot__macro__sentence,logistic_regression,1.0,all,0,4,0.5237619007260502,0.4413996948893974,0.5197132616487455
single__zero_shot__macro__sentence__logistic_regression__C1__kall,single__zero_shot__macro__sentence,zero_shot__macro__sentence,logistic_regression,1.0,all,1,0,0.5740604127099208,0.47505442814621446,0.5635838150289018
single__zero_shot__macro__sentence__logistic_regression__C1__kall,single__zero_shot__macro__sentence,zero_shot__macro__sentence,logistic_regression,1.0,all,1,1,0.4979685071736098,0.4344530513600565,0.46938775510204084
single__zero_shot__macro__sentence__logistic_regression__C1__kall,single__zero_shot__macro__sentence,zero_shot__macro__sentence,logistic_regression,1.0,all,1,2,0.4954900759314055,0.47186873086263337,0.5
single__zero_shot__macro__sentence__logistic_regression__C1__kall,single__zero_shot__macro__sentence,zero_shot__macro__sentence,logistic_regression,1.0,all,1,3,0.606077048340379,0.508126727084512,0.5887323943661972
single__zero_shot__macro__sentence__logistic_regression__C1__kall,single__zero_shot__macro__sentence,zero_shot__macro__sentence,logistic_regression,1.0,all,1,4,0.5533576018171734,0.5010769196596975,0.5608974358974359
single__zero_shot__macro__sentence__logistic_regression__C1__kall,single__zero_shot__macro__sentence,zero_shot__macro__sentence,logistic_regression,1.0,all,2,0,0.4878969193883166,0.3997521537596346,0.45609065155807366
single__zero_shot__macro__sentence__logistic_regression__C1__kall,single__zero_shot__macro__sentence,zero_shot__macro__sentence,logistic_regression,1.0,all,2,1,0.5518821070767227,0.47770000492226605,0.5401234567901234
single__zero_shot__macro__sentence__logistic_regression__C1__kall,single__zero_shot__macro__sentence,zero_shot__macro__sentence,logistic_regression,1.0,all,2,2,0.6319888658462016,0.49177006036332666,0.6231003039513677
single__zero_shot__macro__sentence__logistic_regression__C1__kall,single__zero_shot__macro__sentence,zero_shot__macro__sentence,logistic_regression,1.0,all,2,3,0.5006342880679353,0.4780666332047874,0.5031645569620253
single__zero_shot__macro__sentence__logistic_regression__C1__kall,single__zero_shot__macro__sentence,zero_shot__macro__sentence,logistic_regression,1.0,all,2,4,0.5685189727913332,0.5118242731267997,0.5559105431309904
single__zero_shot__macro__sentence__linear_svm__C0.25__kall,single__zero_shot__macro__sentence,zero_shot__macro__sentence,linear_svm,0.25,all,0,0,0.5841617638191897,0.43994126235206704,0.5911949685534591
single__zero_shot__macro__sentence__linear_svm__C0.25__kall,single__zero_shot__macro__sentence,zero_shot__macro__sentence,linear_svm,0.25,all,0,1,0.49232575930038347,0.40476374702435913,0.4951219512195122
single__zero_shot__macro__sentence__linear_svm__C0.25__kall,single__zero_shot__macro__sentence,zero_shot__macro__sentence,linear_svm,0.25,all,0,2,0.5728988282273716,0.48011867514066636,0.5920245398773006
single__zero_shot__macro__sentence__linear_svm__C0.25__kall,single__zero_shot__macro__sentence,zero_shot__macro__sentence,linear_svm,0.25,all,0,3,0.4813416296913389,0.4319130331269767,0.48013245033112584
single__zero_shot__macro__sentence__linear_svm__C0.25__kall,single__zero_shot__macro__sentence,zero_shot__macro__sentence,linear_svm,0.25,all,0,4,0.5414912863893705,0.458899307523596,0.5483870967741935
single__zero_shot__macro__sentence__linear_svm__C0.25__kall,single__zero_shot__macro__sentence,zero_shot__macro__sentence,linear_svm,0.25,all,1,0,0.5587756305825317,0.44846951574472105,0.5722543352601156
single__zero_shot__macro__sentence__linear_svm__C0.25__kall,single__zero_shot__macro__sentence,zero_shot__macro__sentence,linear_svm,0.25,all,1,1,0.5186785806756478,0.4526665750933187,0.5136054421768708
single__zero_shot__macro__sentence__linear_svm__C0.25__kall,single__zero_shot__macro__sentence,zero_shot__macro__sentence,linear_svm,0.25,all,1,2,0.4816965160589905,0.4504169414907792,0.5030487804878049
single__zero_shot__macro__sentence__linear_svm__C0.25__kall,single__zero_shot__macro__sentence,zero_shot__macro__sentence,linear_svm,0.25,all,1,3,0.5852483464827076,0.4864890011035998,0.5887323943661972
single__zero_shot__macro__sentence__linear_svm__C0.25__kall,single__zero_shot__macro__sentence,zero_shot__macro__sentence,linear_svm,0.25,all,1,4,0.5403113983676644,0.47343438033975116,0.5705128205128205
single__zero_shot__macro__sentence__linear_svm__C0.25__kall,single__zero_shot__macro__sentence,zero_shot__macro__sentence,linear_svm,0.25,all,2,0,0.48895969494553665,0.3887199261274314,0.48158640226628896
single__zero_shot__macro__sentence__linear_svm__C0.25__kall,single__zero_shot__macro__sentence,zero_shot__macro__sentence,linear_svm,0.25,all,2,1,0.5522767518982891,0.48213740400585214,0.558641975308642
single__zero_shot__macro__sentence__linear_svm__C0.25__kall,single__zero_shot__macro__sentence,zero_shot__macro__sentence,linear_svm,0.25,all,2,2,0.61635924886672,0.4534613845538215,0.6231003039513677
single__zero_shot__macro__sentence__linear_svm__C0.25__kall,single__zero_shot__macro__sentence,zero_shot__macro__sentence,linear_svm,0.25,all,2,3,0.4992447999578267,0.47102317513709924,0.5126582278481012
single__zero_shot__macro__sentence__linear_svm__C0.25__kall,single__zero_shot__macro__sentence,zero_shot__macro__sentence,linear_svm,0.25,all,2,4,0.497681359888036,0.45575088272857034,0.5239616613418531
single__zero_shot__macro__sentence__linear_svm__C1__kall,single__zero_shot__macro__sentence,zero_shot__macro__sentence,linear_svm,1.0,all,0,0,0.5913208442923157,0.4433916449288264,0.60062893081761
single__zero_shot__macro__sentence__linear_svm__C1__kall,single__zero_shot__macro__sentence,zero_shot__macro__sentence,linear_svm,1.0,all,0,1,0.4933819291060062,0.41103513188413504,0.4975609756097561
single__zero_shot__macro__sentence__linear_svm__C1__kall,single__zero_shot__macro__sentence,zero_shot__macro__sentence,linear_svm,1.0,all,0,2,0.5726828877217586,0.48009401066119556,0.5920245398773006
single__zero_shot__macro__sentence__linear_svm__C1__kall,single__zero_shot__macro__sentence,zero_shot__macro__sentence,linear_svm,1.0,all,0,3,0.4851161986779863,0.4376705088949461,0.48344370860927155
single__zero_shot__macro__sentence__linear_svm__C1__kall,single__zero_shot__macro__sentence,zero_shot__macro__sentence,linear_svm,1.0,all,0,4,0.5375170685979515,0.45720539695576007,0.5448028673835126
single__zero_shot__macro__sentence__linear_svm__C1__kall,single__zero_shot__macro__sentence,zero_shot__macro__sentence,linear_svm,1.0,all,1,0,0.5627145919750987,0.45218653279957954,0.5722543352601156
single__zero_shot__macro__sentence__linear_svm__C1__kall,single__zero_shot__macro__sentence,zero_shot__macro__sentence,linear_svm,1.0,all,1,1,0.5269512416073147,0.44779705490782395,0.5170068027210885
single__zero_shot__macro__sentence__linear_svm__C1__kall,single__zero_shot__macro__sentence,zero_shot__macro__sentence,linear_svm,1.0,all,1,2,0.4771568825157264,0.44549547725671534,0.4969512195121951
single__zero_shot__macro__sentence__linear_svm__C1__kall,single__zero_shot__macro__sentence,zero_shot__macro__sentence,linear_svm,1.0,all,1,3,0.5989263885197981,0.5111556603773585,0.6
single__zero_shot__macro__sentence__linear_svm__C1__kall,single__zero_shot__macro__sentence,zero_shot__macro__sentence,linear_svm,1.0,all,1,4,0.5411852098509315,0.4739720604760445,0.5705128205128205
single__zero_shot__macro__sentence__linear_svm__C1__kall,single__zero_shot__macro__sentence,zero_shot__macro__sentence,linear_svm,1.0,all,2,0,0.4764325349843177,0.3785026473545149,0.46458923512747874
single__zero_shot__macro__sentence__linear_svm__C1__kall,single__zero_shot__macro__sentence,zero_shot__macro__sentence,linear_svm,1.0,all,2,1,0.5558133447553779,0.4815146839168827,0.5617283950617284
single__zero_shot__macro__sentence__linear_svm__C1__kall,single__zero_shot__macro__sentence,zero_shot__macro__sentence,linear_svm,1.0,all,2,2,0.6131352620102779,0.445451714158066,0.6200607902735562
single__zero_shot__macro__sentence__linear_svm__C1__kall,single__zero_shot__macro__sentence,zero_shot__macro__sentence,linear_svm,1.0,all,2,3,0.5075665215521518,0.47989062177071906,0.5189873417721519
single__zero_shot__macro__sentence__linear_svm__C1__kall,single__zero_shot__macro__sentence,zero_shot__macro__sentence,linear_svm,1.0,all,2,4,0.5046160237779944,0.463589967540786,0.5303514376996805
single__zero_shot__individual__sentence__logistic_regression__C0.25__kall,single__zero_shot__individual__sentence,zero_shot__individual__sentence,logistic_regression,0.25,all,0,0,0.6310218682283626,0.49912977905368894,0.60062893081761
single__zero_shot__individual__sentence__logistic_regression__C0.25__kall,single__zero_shot__individual__sentence,zero_shot__individual__sentence,logistic_regression,0.25,all,0,1,0.5182856714676428,0.4439653280667106,0.5024390243902439
single__zero_shot__individual__sentence__logistic_regression__C0.25__kall,single__zero_shot__individual__sentence,zero_shot__individual__sentence,logistic_regression,0.25,all,0,2,0.5637837219405112,0.4555849832943429,0.5521472392638037
single__zero_shot__individual__sentence__logistic_regression__C0.25__kall,single__zero_shot__individual__sentence,zero_shot__individual__sentence,logistic_regression,0.25,all,0,3,0.5006503184245299,0.44313733759308105,0.48013245033112584
single__zero_shot__individual__sentence__logistic_regression__C0.25__kall,single__zero_shot__individual__sentence,zero_shot__individual__sentence,logistic_regression,0.25,all,0,4,0.49936071202674615,0.4238707983193277,0.4874551971326165
single__zero_shot__individual__sentence__logistic_regression__C0.25__kall,single__zero_shot__individual__sentence,zero_shot__individual__sentence,logistic_regression,0.25,all,1,0,0.5265677674899951,0.40253767718489203,0.5086705202312138
single__zero_shot__individual__sentence__logistic_regression__C0.25__kall,single__zero_shot__individual__sentence,zero_shot__individual__sentence,logistic_regression,0.25,all,1,1,0.5155168923420699,0.4325172410462466,0.47619047619047616
single__zero_shot__individual__sentence__logistic_regression__C0.25__kall,single__zero_shot__individual__sentence,zero_shot__individual__sentence,logistic_regression,0.25,all,1,2,0.5593260072465704,0.5177714451338759,0.5548780487804879
single__zero_shot__individual__sentence__logistic_regression__C0.25__kall,single__zero_shot__individual__sentence,zero_shot__individual__sentence,logistic_regression,0.25,all,1,3,0.5737175000616925,0.4755410955582683,0.5492957746478874
single__zero_shot__individual__sentence__logistic_regression__C0.25__kall,single__zero_shot__individual__sentence,zero_shot__individual__sentence,logistic_regression,0.25,all,1,4,0.5262402452619843,0.45564344477926055,0.5352564102564102
single__zero_shot__individual__sentence__logistic_regression__C0.25__kall,single__zero_shot__individual__sentence,zero_shot__individual__sentence,logistic_regression,0.25,all,2,0,0.5166625995790759,0.41531012529445366,0.48441926345609065
single__zero_shot__individual__sentence__logistic_regression__C0.25__kall,single__zero_shot__individual__sentence,zero_shot__individual__sentence,logistic_regression,0.25,all,2,1,0.5421644472825395,0.44872199064365526,0.5246913580246914
single__zero_shot__individual__sentence__logistic_regression__C0.25__kall,single__zero_shot__individual__sentence,zero_shot__individual__sentence,logistic_regression,0.25,all,2,2,0.6219739669593514,0.4685498494648917,0.60790273556231
single__zero_shot__individual__sentence__logistic_regression__C0.25__kall,single__zero_shot__individual__sentence,zero_shot__individual__sentence,logistic_regression,0.25,all,2,3,0.5346787014785406,0.4978422890167952,0.5348101265822784
single__zero_shot__individual__sentence__logistic_regression__C0.25__kall,single__zero_shot__individual__sentence,zero_shot__individual__sentence,logistic_regression,0.25,all,2,4,0.5076264263161234,0.45113522706223463,0.49201277955271566
single__zero_shot__individual__sentence__logistic_regression__C1__kall,single__zero_shot__individual__sentence,zero_shot__individual__sentence,logistic_regression,1.0,all,0,0,0.6176179759115384,0.48412348272642386,0.5880503144654088
single__zero_shot__individual__sentence__logistic_regression__C1__kall,single__zero_shot__individual__sentence,zero_shot__individual__sentence,logistic_regression,1.0,all,0,1,0.5119968893252791,0.43703140812927815,0.4975609756097561
single__zero_shot__individual__sentence__logistic_regression__C1__kall,single__zero_shot__individual__sentence,zero_shot__individual__sentence,logistic_regression,1.0,all,0,2,0.5646288418500032,0.45646812469987535,0.5521472392638037
single__zero_shot__individual__sentence__logistic_regression__C1__kall,single__zero_shot__individual__sentence,zero_shot__individual__sentence,logistic_regression,1.0,all,0,3,0.4942153367806389,0.44224959438634237,0.4768211920529801
single__zero_shot__individual__sentence__logistic_regression__C1__kall,single__zero_shot__individual__sentence,zero_shot__individual__sentence,logistic_regression,1.0,all,0,4,0.4916144105084197,0.4170299938157081,0.4767025089605735
single__zero_shot__individual__sentence__logistic_regression__C1__kall,single__zero_shot__individual__sentence,zero_shot__individual__sentence,logistic_regression,1.0,all,1,0,0.5086393122759626,0.39304016530960206,0.49421965317919075
single__zero_shot__individual__sentence__logistic_regression__C1__kall,single__zero_shot__individual__sentence,zero_shot__individual__sentence,logistic_regression,1.0,all,1,1,0.5153632298876741,0.43287562830745085,0.47619047619047616
single__zero_shot__individual__sentence__logistic_regression__C1__kall,single__zero_shot__individual__sentence,zero_shot__individual__sentence,logistic_regression,1.0,all,1,2,0.5394131745762495,0.4980323637830352,0.5365853658536586
single__zero_shot__individual__sentence__logistic_regression__C1__kall,single__zero_shot__individual__sentence,zero_shot__individual__sentence,logistic_regression,1.0,all,1,3,0.5640560045437255,0.4663337032926378,0.5380281690140845
single__zero_shot__individual__sentence__logistic_regression__C1__kall,single__zero_shot__individual__sentence,zero_shot__individual__sentence,logistic_regression,1.0,all,1,4,0.5397995354437644,0.47535967217974096,0.5480769230769231
single__zero_shot__individual__sentence__logistic_regression__C1__kall,single__zero_shot__individual__sentence,zero_shot__individual__sentence,logistic_regression,1.0,all,2,0,0.5181023020572311,0.41654855661127377,0.48441926345609065
single__zero_shot__individual__sentence__logistic_regression__C1__kall,single__zero_shot__individual__sentence,zero_shot__individual__sentence,logistic_regression,1.0,all,2,1,0.5340264594862558,0.44082450457279454,0.5154320987654321
single__zero_shot__individual__sentence__logistic_regression__C1__kall,single__zero_shot__individual__sentence,zero_shot__individual__sentence,logistic_regression,1.0,all,2,2,0.6048848853637347,0.446406255226118,0.5866261398176292
single__zero_shot__individual__sentence__logistic_regression__C1__kall,single__zero_shot__individual__sentence,zero_shot__individual__sentence,logistic_regression,1.0,all,2,3,0.5260951057926572,0.48762143290831816,0.5253164556962026
single__zero_shot__individual__sentence__logistic_regression__C1__kall,single__zero_shot__individual__sentence,zero_shot__individual__sentence,logistic_regression,1.0,all,2,4,0.5104695727629096,0.4527732161039476,0.4952076677316294
single__zero_shot__individual__sentence__linear_svm__C0.25__kall,single__zero_shot__individual__sentence,zero_shot__individual__sentence,linear_svm,0.25,all,0,0,0.6135779898894834,0.4595471744863542,0.60062893081761
single__zero_shot__individual__sentence__linear_svm__C0.25__kall,single__zero_shot__individual__sentence,zero_shot__individual__sentence,linear_svm,0.25,all,0,1,0.47524802443820896,0.4148996084421969,0.48048780487804876
single__zero_shot__individual__sentence__linear_svm__C0.25__kall,single__zero_shot__individual__sentence,zero_shot__individual__sentence,linear_svm,0.25,all,0,2,0.5410618296065741,0.42396712606143744,0.549079754601227
single__zero_shot__individual__sentence__linear_svm__C0.25__kall,single__zero_shot__individual__sentence,zero_shot__individual__sentence,linear_svm,0.25,all,0,3,0.47858118807145944,0.4261281348799976,0.48344370860927155
single__zero_shot__individual__sentence__linear_svm__C0.25__kall,single__zero_shot__individual__sentence,zero_shot__individual__sentence,linear_svm,0.25,all,0,4,0.5245832567527955,0.4131505428287409,0.5304659498207885
single__zero_shot__individual__sentence__linear_svm__C0.25__kall,single__zero_shot__individual__sentence,zero_shot__individual__sentence,linear_svm,0.25,all,1,0,0.5213336904920142,0.38920169281752337,0.5317919075144508
single__zero_shot__individual__sentence__linear_svm__C0.25__kall,single__zero_shot__individual__sentence,zero_shot__individual__sentence,linear_svm,0.25,all,1,1,0.48949254051294866,0.4063303563303563,0.46598639455782315
single__zero_shot__individual__sentence__linear_svm__C0.25__kall,single__zero_shot__individual__sentence,zero_shot__individual__sentence,linear_svm,0.25,all,1,2,0.49992801885364907,0.45799846932474886,0.5121951219512195
single__zero_shot__individual__sentence__linear_svm__C0.25__kall,single__zero_shot__individual__sentence,zero_shot__individual__sentence,linear_svm,0.25,all,1,3,0.5977193190033994,0.4845288506901642,0.5887323943661972
single__zero_shot__individual__sentence__linear_svm__C0.25__kall,single__zero_shot__individual__sentence,zero_shot__individual__sentence,linear_svm,0.25,all,1,4,0.49881808408513106,0.412875981938725,0.5288461538461539
single__zero_shot__individual__sentence__linear_svm__C0.25__kall,single__zero_shot__individual__sentence,zero_shot__individual__sentence,linear_svm,0.25,all,2,0,0.5047450166121924,0.3946116827781746,0.49291784702549574
single__zero_shot__individual__sentence__linear_svm__C0.25__kall,single__zero_shot__individual__sentence,zero_shot__individual__sentence,linear_svm,0.25,all,2,1,0.5482649900505718,0.44463046991988026,0.5462962962962963
single__zero_shot__individual__sentence__linear_svm__C0.25__kall,single__zero_shot__individual__sentence,zero_shot__individual__sentence,linear_svm,0.25,all,2,2,0.6164125641329289,0.43170163170163167,0.6170212765957447
single__zero_shot__individual__sentence__linear_svm__C0.25__kall,single__zero_shot__individual__sentence,zero_shot__individual__sentence,linear_svm,0.25,all,2,3,0.5225527442276026,0.48988618134596285,0.5348101265822784
single__zero_shot__individual__sentence__linear_svm__C0.25__kall,single__zero_shot__individual__sentence,zero_shot__individual__sentence,linear_svm,0.25,all,2,4,0.5109150078844908,0.44058142612408396,0.5079872204472844
single__zero_shot__individual__sentence__linear_svm__C1__kall,single__zero_shot__individual__sentence,zero_shot__individual__sentence,linear_svm,1.0,all,0,0,0.6140979501266167,0.4686228269928909,0.60062893081761
single__zero_shot__individual__sentence__linear_svm__C1__kall,single__zero_shot__individual__sentence,zero_shot__individual__sentence,linear_svm,1.0,all,0,1,0.47509095760755526,0.4101177568082458,0.48048780487804876
single__zero_shot__individual__sentence__linear_svm__C1__kall,single__zero_shot__individual__sentence,zero_shot__individual__sentence,linear_svm,1.0,all,0,2,0.5300711682519418,0.4136970883368826,0.5368098159509203
single__zero_shot__individual__sentence__linear_svm__C1__kall,single__zero_shot__individual__sentence,zero_shot__individual__sentence,linear_svm,1.0,all,0,3,0.490839733018391,0.4408534687178768,0.49337748344370863
single__zero_shot__individual__sentence__linear_svm__C1__kall,single__zero_shot__individual__sentence,zero_shot__individual__sentence,linear_svm,1.0,all,0,4,0.5287458615868921,0.4173733129846351,0.5340501792114696
single__zero_shot__individual__sentence__linear_svm__C1__kall,single__zero_shot__individual__sentence,zero_shot__individual__sentence,linear_svm,1.0,all,1,0,0.5205005913719651,0.38761454018463365,0.5289017341040463
single__zero_shot__individual__sentence__linear_svm__C1__kall,single__zero_shot__individual__sentence,zero_shot__individual__sentence,linear_svm,1.0,all,1,1,0.4910123140176977,0.4013852609071211,0.46598639455782315
single__zero_shot__individual__sentence__linear_svm__C1__kall,single__zero_shot__individual__sentence,zero_shot__individual__sentence,linear_svm,1.0,all,1,2,0.5059440212598448,0.45948239534568314,0.5182926829268293
single__zero_shot__individual__sentence__linear_svm__C1__kall,single__zero_shot__individual__sentence,zero_shot__individual__sentence,linear_svm,1.0,all,1,3,0.5957838534474823,0.48257604323780795,0.5859154929577465
single__zero_shot__individual__sentence__linear_svm__C1__kall,single__zero_shot__individual__sentence,zero_shot__individual__sentence,linear_svm,1.0,all,1,4,0.5143148122753264,0.43277711997445656,0.5416666666666666
single__zero_shot__individual__sentence__linear_svm__C1__kall,single__zero_shot__individual__sentence,zero_shot__individual__sentence,linear_svm,1.0,all,2,0,0.516068774028219,0.4042910379074895,0.5014164305949008
single__zero_shot__individual__sentence__linear_svm__C1__kall,single__zero_shot__individual__sentence,zero_shot__individual__sentence,linear_svm,1.0,all,2,1,0.5462709175458572,0.4423536410516466,0.5432098765432098
single__zero_shot__individual__sentence__linear_svm__C1__kall,single__zero_shot__individual__sentence,zero_shot__individual__sentence,linear_svm,1.0,all,2,2,0.6218027141929108,0.4358863694211126,0.6231003039513677
single__zero_shot__individual__sentence__linear_svm__C1__kall,single__zero_shot__individual__sentence,zero_shot__individual__sentence,linear_svm,1.0,all,2,3,0.479103204813326,0.42484906408194395,0.49050632911392406
single__zero_shot__individual__sentence__linear_svm__C1__kall,single__zero_shot__individual__sentence,zero_shot__individual__sentence,linear_svm,1.0,all,2,4,0.5190298473180596,0.4463901131532883,0.5143769968051118
single__meta_prompting__macro__sentence__logistic_regression__C0.25__kall,single__meta_prompting__macro__sentence,meta_prompting__macro__sentence,logistic_regression,0.25,all,0,0,0.6169351591754157,0.48542304441419554,0.5943396226415094
single__meta_prompting__macro__sentence__logistic_regression__C0.25__kall,single__meta_prompting__macro__sentence,meta_prompting__macro__sentence,logistic_regression,0.25,all,0,1,0.549481462840646,0.4703987078357884,0.5365853658536586
single__meta_prompting__macro__sentence__logistic_regression__C0.25__kall,single__meta_prompting__macro__sentence,meta_prompting__macro__sentence,logistic_regression,0.25,all,0,2,0.6173911617635837,0.5038964889752333,0.598159509202454
single__meta_prompting__macro__sentence__logistic_regression__C0.25__kall,single__meta_prompting__macro__sentence,meta_prompting__macro__sentence,logistic_regression,0.25,all,0,3,0.4735331355309665,0.4008909426810124,0.45695364238410596
single__meta_prompting__macro__sentence__logistic_regression__C0.25__kall,single__meta_prompting__macro__sentence,meta_prompting__macro__sentence,logistic_regression,0.25,all,0,4,0.5330048461542163,0.44889315234807853,0.5197132616487455
single__meta_prompting__macro__sentence__logistic_regression__C0.25__kall,single__meta_prompting__macro__sentence,meta_prompting__macro__sentence,logistic_regression,0.25,all,1,0,0.5531076351626526,0.43420860414573637,0.5433526011560693
single__meta_prompting__macro__sentence__logistic_regression__C0.25__kall,single__meta_prompting__macro__sentence,meta_prompting__macro__sentence,logistic_regression,0.25,all,1,1,0.5464897033353262,0.46225908213188044,0.5
single__meta_prompting__macro__sentence__logistic_regression__C0.25__kall,single__meta_prompting__macro__sentence,meta_prompting__macro__sentence,logistic_regression,0.25,all,1,2,0.5267308099822752,0.4558774226770239,0.5213414634146342
single__meta_prompting__macro__sentence__logistic_regression__C0.25__kall,single__meta_prompting__macro__sentence,meta_prompting__macro__sentence,logistic_regression,0.25,all,1,3,0.6067006047665636,0.49392979710456003,0.5943661971830986
single__meta_prompting__macro__sentence__logistic_regression__C0.25__kall,single__meta_prompting__macro__sentence,meta_prompting__macro__sentence,logistic_regression,0.25,all,1,4,0.5733100464718112,0.4911444532768062,0.5673076923076923
single__meta_prompting__macro__sentence__logistic_regression__C0.25__kall,single__meta_prompting__macro__sentence,meta_prompting__macro__sentence,logistic_regression,0.25,all,2,0,0.5562379050395094,0.44675693532435107,0.5240793201133145
single__meta_prompting__macro__sentence__logistic_regression__C0.25__kall,single__meta_prompting__macro__sentence,meta_prompting__macro__sentence,logistic_regression,0.25,all,2,1,0.5492979443055416,0.46650417300180286,0.5308641975308642
single__meta_prompting__macro__sentence__logistic_regression__C0.25__kall,single__meta_prompting__macro__sentence,meta_prompting__macro__sentence,logistic_regression,0.25,all,2,2,0.6263402260166543,0.471899285819228,0.6139817629179332
single__meta_prompting__macro__sentence__logistic_regression__C0.25__kall,single__meta_prompting__macro__sentence,meta_prompting__macro__sentence,logistic_regression,0.25,all,2,3,0.5448463226485145,0.4867202589859443,0.5474683544303798
single__meta_prompting__macro__sentence__logistic_regression__C0.25__kall,single__meta_prompting__macro__sentence,meta_prompting__macro__sentence,logistic_regression,0.25,all,2,4,0.59505162980637,0.525612390632462,0.5750798722044729
single__meta_prompting__macro__sentence__logistic_regression__C1__kall,single__meta_prompting__macro__sentence,meta_prompting__macro__sentence,logistic_regression,1.0,all,0,0,0.6128227580934474,0.48095558959433077,0.5911949685534591
single__meta_prompting__macro__sentence__logistic_regression__C1__kall,single__meta_prompting__macro__sentence,meta_prompting__macro__sentence,logistic_regression,1.0,all,0,1,0.5452738666559027,0.461404668793191,0.5317073170731708
single__meta_prompting__macro__sentence__logistic_regression__C1__kall,single__meta_prompting__macro__sentence,meta_prompting__macro__sentence,logistic_regression,1.0,all,0,2,0.6165101714653358,0.513181681874652,0.6012269938650306
single__meta_prompting__macro__sentence__logistic_regression__C1__kall,single__meta_prompting__macro__sentence,meta_prompting__macro__sentence,logistic_regression,1.0,all,0,3,0.47051004211972886,0.3976160935288862,0.45364238410596025
single__meta_prompting__macro__sentence__logistic_regression__C1__kall,single__meta_prompting__macro__sentence,meta_prompting__macro__sentence,logistic_regression,1.0,all,0,4,0.5315978085525519,0.4423323867612564,0.5197132616487455
single__meta_prompting__macro__sentence__logistic_regression__C1__kall,single__meta_prompting__macro__sentence,meta_prompting__macro__sentence,logistic_regression,1.0,all,1,0,0.5446453561685168,0.4134561296661228,0.5317919075144508
single__meta_prompting__macro__sentence__logistic_regression__C1__kall,single__meta_prompting__macro__sentence,meta_prompting__macro__sentence,logistic_regression,1.0,all,1,1,0.5190754425668234,0.4414282196136586,0.47619047619047616
single__meta_prompting__macro__sentence__logistic_regression__C1__kall,single__meta_prompting__macro__sentence,meta_prompting__macro__sentence,logistic_regression,1.0,all,1,2,0.52498329282462,0.4517000509318945,0.5213414634146342
single__meta_prompting__macro__sentence__logistic_regression__C1__kall,single__meta_prompting__macro__sentence,meta_prompting__macro__sentence,logistic_regression,1.0,all,1,3,0.6098776019545709,0.4969585891416877,0.5943661971830986
single__meta_prompting__macro__sentence__logistic_regression__C1__kall,single__meta_prompting__macro__sentence,meta_prompting__macro__sentence,logistic_regression,1.0,all,1,4,0.5966758034457524,0.5325804430430916,0.5897435897435898
single__meta_prompting__macro__sentence__logistic_regression__C1__kall,single__meta_prompting__macro__sentence,meta_prompting__macro__sentence,logistic_regression,1.0,all,2,0,0.567261554013762,0.46988999562528977,0.5382436260623229
single__meta_prompting__macro__sentence__logistic_regression__C1__kall,single__meta_prompting__macro__sentence,meta_prompting__macro__sentence,logistic_regression,1.0,all,2,1,0.5406779658025714,0.4578443215065138,0.5246913580246914
single__meta_prompting__macro__sentence__logistic_regression__C1__kall,single__meta_prompting__macro__sentence,meta_prompting__macro__sentence,logistic_regression,1.0,all,2,2,0.6210654403615029,0.46279991213659843,0.6048632218844985
single__meta_prompting__macro__sentence__logistic_regression__C1__kall,single__meta_prompting__macro__sentence,meta_prompting__macro__sentence,logistic_regression,1.0,all,2,3,0.5378547563814505,0.4748548695522279,0.5411392405063291
single__meta_prompting__macro__sentence__logistic_regression__C1__kall,single__meta_prompting__macro__sentence,meta_prompting__macro__sentence,logistic_regression,1.0,all,2,4,0.581491779324916,0.5139556594384145,0.5654952076677316
single__meta_prompting__macro__sentence__linear_svm__C0.25__kall,single__meta_prompting__macro__sentence,meta_prompting__macro__sentence,linear_svm,0.25,all,0,0,0.6079785695042499,0.44327959494300007,0.6037735849056604
single__meta_prompting__macro__sentence__linear_svm__C0.25__kall,single__meta_prompting__macro__sentence,meta_prompting__macro__sentence,linear_svm,0.25,all,0,1,0.5529951749984945,0.4689086470441368,0.5609756097560976
single__meta_prompting__macro__sentence__linear_svm__C0.25__kall,single__meta_prompting__macro__sentence,meta_prompting__macro__sentence,linear_svm,0.25,all,0,2,0.620528191056469,0.49807707628231085,0.6226993865030674
single__meta_prompting__macro__sentence__linear_svm__C0.25__kall,single__meta_prompting__macro__sentence,meta_prompting__macro__sentence,linear_svm,0.25,all,0,3,0.4862246976569648,0.40780095416276685,0.4900662251655629
single__meta_prompting__macro__sentence__linear_svm__C0.25__kall,single__meta_prompting__macro__sentence,meta_prompting__macro__sentence,linear_svm,0.25,all,0,4,0.5349059731893326,0.42731305344190806,0.5412186379928315
single__meta_prompting__macro__sentence__linear_svm__C0.25__kall,single__meta_prompting__macro__sentence,meta_prompting__macro__sentence,linear_svm,0.25,all,1,0,0.5482474422565615,0.4017707480182342,0.5578034682080925
single__meta_prompting__macro__sentence__linear_svm__C0.25__kall,single__meta_prompting__macro__sentence,meta_prompting__macro__sentence,linear_svm,0.25,all,1,1,0.5597752201669228,0.47853688608191247,0.5408163265306123
single__meta_prompting__macro__sentence__linear_svm__C0.25__kall,single__meta_prompting__macro__sentence,meta_prompting__macro__sentence,linear_svm,0.25,all,1,2,0.5113737918645955,0.42851234865849813,0.5274390243902439
single__meta_prompting__macro__sentence__linear_svm__C0.25__kall,single__meta_prompting__macro__sentence,meta_prompting__macro__sentence,linear_svm,0.25,all,1,3,0.6094501806608792,0.4790935448763732,0.6197183098591549
single__meta_prompting__macro__sentence__linear_svm__C0.25__kall,single__meta_prompting__macro__sentence,meta_prompting__macro__sentence,linear_svm,0.25,all,1,4,0.5660821195662955,0.4664131302640782,0.5833333333333334
single__meta_prompting__macro__sentence__linear_svm__C0.25__kall,single__meta_prompting__macro__sentence,meta_prompting__macro__sentence,linear_svm,0.25,all,2,0,0.5881465529356973,0.4619966725280839,0.5807365439093485
single__meta_prompting__macro__sentence__linear_svm__C0.25__kall,single__meta_prompting__macro__sentence,meta_prompting__macro__sentence,linear_svm,0.25,all,2,1,0.5329351498034034,0.42406337365022306,0.5277777777777778
single__meta_prompting__macro__sentence__linear_svm__C0.25__kall,single__meta_prompting__macro__sentence,meta_prompting__macro__sentence,linear_svm,0.25,all,2,2,0.6295173980339491,0.4473764321788638,0.6322188449848024
single__meta_prompting__macro__sentence__linear_svm__C0.25__kall,single__meta_prompting__macro__sentence,meta_prompting__macro__sentence,linear_svm,0.25,all,2,3,0.538591533167167,0.4602142513011233,0.5632911392405063
single__meta_prompting__macro__sentence__linear_svm__C0.25__kall,single__meta_prompting__macro__sentence,meta_prompting__macro__sentence,linear_svm,0.25,all,2,4,0.5409140808279786,0.45130435899358934,0.5463258785942492
single__meta_prompting__macro__sentence__linear_svm__C1__kall,single__meta_prompting__macro__sentence,meta_prompting__macro__sentence,linear_svm,1.0,all,0,0,0.6042804520608863,0.4404360384668604,0.60062893081761
single__meta_prompting__macro__sentence__linear_svm__C1__kall,single__meta_prompting__macro__sentence,meta_prompting__macro__sentence,linear_svm,1.0,all,0,1,0.5421032578578786,0.46178975507682357,0.551219512195122
single__meta_prompting__macro__sentence__linear_svm__C1__kall,single__meta_prompting__macro__sentence,meta_prompting__macro__sentence,linear_svm,1.0,all,0,2,0.624358363895761,0.5110677779740574,0.6257668711656442
single__meta_prompting__macro__sentence__linear_svm__C1__kall,single__meta_prompting__macro__sentence,meta_prompting__macro__sentence,linear_svm,1.0,all,0,3,0.4824157567288844,0.4054221843816358,0.4867549668874172
single__meta_prompting__macro__sentence__linear_svm__C1__kall,single__meta_prompting__macro__sentence,meta_prompting__macro__sentence,linear_svm,1.0,all,0,4,0.537943102875618,0.4288345571387324,0.5483870967741935
single__meta_prompting__macro__sentence__linear_svm__C1__kall,single__meta_prompting__macro__sentence,meta_prompting__macro__sentence,linear_svm,1.0,all,1,0,0.5495174828855265,0.4037264046191428,0.5578034682080925
single__meta_prompting__macro__sentence__linear_svm__C1__kall,single__meta_prompting__macro__sentence,meta_prompting__macro__sentence,linear_svm,1.0,all,1,1,0.5557804429478594,0.4687178932972502,0.5340136054421769
single__meta_prompting__macro__sentence__linear_svm__C1__kall,single__meta_prompting__macro__sentence,meta_prompting__macro__sentence,linear_svm,1.0,all,1,2,0.5057055520885358,0.4169322930996082,0.5213414634146342
single__meta_prompting__macro__sentence__linear_svm__C1__kall,single__meta_prompting__macro__sentence,meta_prompting__macro__sentence,linear_svm,1.0,all,1,3,0.6018673533173666,0.47036666630881036,0.6112676056338028
single__meta_prompting__macro__sentence__linear_svm__C1__kall,single__meta_prompting__macro__sentence,meta_prompting__macro__sentence,linear_svm,1.0,all,1,4,0.5865162413066242,0.49235953272277416,0.6057692307692307
single__meta_prompting__macro__sentence__linear_svm__C1__kall,single__meta_prompting__macro__sentence,meta_prompting__macro__sentence,linear_svm,1.0,all,2,0,0.5859383737686025,0.46101225136086643,0.5779036827195467
single__meta_prompting__macro__sentence__linear_svm__C1__kall,single__meta_prompting__macro__sentence,meta_prompting__macro__sentence,linear_svm,1.0,all,2,1,0.5421819658173254,0.4387070301942228,0.5370370370370371
single__meta_prompting__macro__sentence__linear_svm__C1__kall,single__meta_prompting__macro__sentence,meta_prompting__macro__sentence,linear_svm,1.0,all,2,2,0.628372457536962,0.45499357450576966,0.6291793313069909
single__meta_prompting__macro__sentence__linear_svm__C1__kall,single__meta_prompting__macro__sentence,meta_prompting__macro__sentence,linear_svm,1.0,all,2,3,0.5304758777194416,0.45325520468365016,0.5537974683544303
single__meta_prompting__macro__sentence__linear_svm__C1__kall,single__meta_prompting__macro__sentence,meta_prompting__macro__sentence,linear_svm,1.0,all,2,4,0.5399669047539917,0.45079338157696364,0.5463258785942492
single__meta_prompting__individual__sentence__logistic_regression__C0.25__kall,single__meta_prompting__individual__sentence,meta_prompting__individual__sentence,logistic_regression,0.25,all,0,0,0.5915681504750022,0.4379953287114254,0.5660377358490566
single__meta_prompting__individual__sentence__logistic_regression__C0.25__kall,single__meta_prompting__individual__sentence,meta_prompting__individual__sentence,logistic_regression,0.25,all,0,1,0.4991809140198549,0.422505204573748,0.48292682926829267
single__meta_prompting__individual__sentence__logistic_regression__C0.25__kall,single__meta_prompting__individual__sentence,meta_prompting__individual__sentence,logistic_regression,0.25,all,0,2,0.5607050707784754,0.43315892984485777,0.549079754601227
single__meta_prompting__individual__sentence__logistic_regression__C0.25__kall,single__meta_prompting__individual__sentence,meta_prompting__individual__sentence,logistic_regression,0.25,all,0,3,0.4933360588445041,0.43775967771145285,0.4768211920529801
single__meta_prompting__individual__sentence__logistic_regression__C0.25__kall,single__meta_prompting__individual__sentence,meta_prompting__individual__sentence,logistic_regression,0.25,all,0,4,0.5212613531507396,0.42838585954512476,0.5053763440860215
single__meta_prompting__individual__sentence__logistic_regression__C0.25__kall,single__meta_prompting__individual__sentence,meta_prompting__individual__sentence,logistic_regression,0.25,all,1,0,0.5300877673631186,0.41065842010223935,0.5057803468208093
single__meta_prompting__individual__sentence__logistic_regression__C0.25__kall,single__meta_prompting__individual__sentence,meta_prompting__individual__sentence,logistic_regression,0.25,all,1,1,0.48553385856133674,0.4016404528359424,0.4523809523809524
single__meta_prompting__individual__sentence__logistic_regression__C0.25__kall,single__meta_prompting__individual__sentence,meta_prompting__individual__sentence,logistic_regression,0.25,all,1,2,0.5073405725044114,0.44310492868344037,0.5030487804878049
single__meta_prompting__individual__sentence__logistic_regression__C0.25__kall,single__meta_prompting__individual__sentence,meta_prompting__individual__sentence,logistic_regression,0.25,all,1,3,0.6288851340642403,0.5150431370903812,0.6169014084507042
single__meta_prompting__individual__sentence__logistic_regression__C0.25__kall,single__meta_prompting__individual__sentence,meta_prompting__individual__sentence,logistic_regression,0.25,all,1,4,0.5537982199733816,0.4926202224386094,0.5480769230769231
single__meta_prompting__individual__sentence__logistic_regression__C0.25__kall,single__meta_prompting__individual__sentence,meta_prompting__individual__sentence,logistic_regression,0.25,all,2,0,0.5311479324331749,0.40344988050372277,0.5014164305949008
single__meta_prompting__individual__sentence__logistic_regression__C0.25__kall,single__meta_prompting__individual__sentence,meta_prompting__individual__sentence,logistic_regression,0.25,all,2,1,0.570694639028912,0.500604469457454,0.5555555555555556
single__meta_prompting__individual__sentence__logistic_regression__C0.25__kall,single__meta_prompting__individual__sentence,meta_prompting__individual__sentence,logistic_regression,0.25,all,2,2,0.6394874684227818,0.47051558939102983,0.6231003039513677
single__meta_prompting__individual__sentence__logistic_regression__C0.25__kall,single__meta_prompting__individual__sentence,meta_prompting__individual__sentence,logistic_regression,0.25,all,2,3,0.5065174001031705,0.4493547544409614,0.5031645569620253
single__meta_prompting__individual__sentence__logistic_regression__C0.25__kall,single__meta_prompting__individual__sentence,meta_prompting__individual__sentence,logistic_regression,0.25,all,2,4,0.5015118798428263,0.4284195402298851,0.4792332268370607
single__meta_prompting__individual__sentence__logistic_regression__C1__kall,single__meta_prompting__individual__sentence,meta_prompting__individual__sentence,logistic_regression,1.0,all,0,0,0.590266904717862,0.43930540966386555,0.5660377358490566
single__meta_prompting__individual__sentence__logistic_regression__C1__kall,single__meta_prompting__individual__sentence,meta_prompting__individual__sentence,logistic_regression,1.0,all,0,1,0.5113744237182751,0.4307602663367919,0.4926829268292683
single__meta_prompting__individual__sentence__logistic_regression__C1__kall,single__meta_prompting__individual__sentence,meta_prompting__individual__sentence,logistic_regression,1.0,all,0,2,0.5808630003497941,0.4612504198219032,0.5644171779141104
single__meta_prompting__individual__sentence__logistic_regression__C1__kall,single__meta_prompting__individual__sentence,meta_prompting__individual__sentence,logistic_regression,1.0,all,0,3,0.4849988212349172,0.42935275080906143,0.47019867549668876
single__meta_prompting__individual__sentence__logistic_regression__C1__kall,single__meta_prompting__individual__sentence,meta_prompting__individual__sentence,logistic_regression,1.0,all,0,4,0.5137806197693527,0.42008658836297186,0.4982078853046595
single__meta_prompting__individual__sentence__logistic_regression__C1__kall,single__meta_prompting__individual__sentence,meta_prompting__individual__sentence,logistic_regression,1.0,all,1,0,0.5281669091865564,0.4100290856268521,0.5057803468208093
single__meta_prompting__individual__sentence__logistic_regression__C1__kall,single__meta_prompting__individual__sentence,meta_prompting__individual__sentence,logistic_regression,1.0,all,1,1,0.4951358591004394,0.4098742143434881,0.46258503401360546
single__meta_prompting__individual__sentence__logistic_regression__C1__kall,single__meta_prompting__individual__sentence,meta_prompting__individual__sentence,logistic_regression,1.0,all,1,2,0.516549747810881,0.45308065223553406,0.5091463414634146
single__meta_prompting__individual__sentence__logistic_regression__C1__kall,single__meta_prompting__individual__sentence,meta_prompting__individual__sentence,logistic_regression,1.0,all,1,3,0.6225444870599502,0.5124200695013701,0.6112676056338028
single__meta_prompting__individual__sentence__logistic_regression__C1__kall,single__meta_prompting__individual__sentence,meta_prompting__individual__sentence,logistic_regression,1.0,all,1,4,0.545213531363809,0.4869372527767034,0.5384615384615384
single__meta_prompting__individual__sentence__logistic_regression__C1__kall,single__meta_prompting__individual__sentence,meta_prompting__individual__sentence,logistic_regression,1.0,all,2,0,0.5391254111196137,0.4116938141417946,0.5070821529745042
single__meta_prompting__individual__sentence__logistic_regression__C1__kall,single__meta_prompting__individual__sentence,meta_prompting__individual__sentence,logistic_regression,1.0,all,2,1,0.5619520324152043,0.489913511025474,0.5462962962962963
single__meta_prompting__individual__sentence__logistic_regression__C1__kall,single__meta_prompting__individual__sentence,meta_prompting__individual__sentence,logistic_regression,1.0,all,2,2,0.6312500555191015,0.46357595809208707,0.6170212765957447
single__meta_prompting__individual__sentence__logistic_regression__C1__kall,single__meta_prompting__individual__sentence,meta_prompting__individual__sentence,logistic_regression,1.0,all,2,3,0.5063790829392831,0.44813185278301554,0.5
single__meta_prompting__individual__sentence__logistic_regression__C1__kall,single__meta_prompting__individual__sentence,meta_prompting__individual__sentence,logistic_regression,1.0,all,2,4,0.5020257227106169,0.43262875222674213,0.4792332268370607
single__meta_prompting__individual__sentence__linear_svm__C0.25__kall,single__meta_prompting__individual__sentence,meta_prompting__individual__sentence,linear_svm,0.25,all,0,0,0.6147072267355286,0.4427135364635364,0.610062893081761
single__meta_prompting__individual__sentence__linear_svm__C0.25__kall,single__meta_prompting__individual__sentence,meta_prompting__individual__sentence,linear_svm,0.25,all,0,1,0.5235429405172868,0.42514133004419774,0.526829268292683
single__meta_prompting__individual__sentence__linear_svm__C0.25__kall,single__meta_prompting__individual__sentence,meta_prompting__individual__sentence,linear_svm,0.25,all,0,2,0.5535837884171041,0.4247247147391198,0.5613496932515337
single__meta_prompting__individual__sentence__linear_svm__C0.25__kall,single__meta_prompting__individual__sentence,meta_prompting__individual__sentence,linear_svm,0.25,all,0,3,0.4993448954990485,0.4261111487015101,0.5066225165562914
single__meta_prompting__individual__sentence__linear_svm__C0.25__kall,single__meta_prompting__individual__sentence,meta_prompting__individual__sentence,linear_svm,0.25,all,0,4,0.5253115359222075,0.412920804901937,0.5304659498207885
single__meta_prompting__individual__sentence__linear_svm__C0.25__kall,single__meta_prompting__individual__sentence,meta_prompting__individual__sentence,linear_svm,0.25,all,1,0,0.5472698353205353,0.41524998999782425,0.5433526011560693
single__meta_prompting__individual__sentence__linear_svm__C0.25__kall,single__meta_prompting__individual__sentence,meta_prompting__individual__sentence,linear_svm,0.25,all,1,1,0.5323088256082108,0.4461520508781142,0.5238095238095238
single__meta_prompting__individual__sentence__linear_svm__C0.25__kall,single__meta_prompting__individual__sentence,meta_prompting__individual__sentence,linear_svm,0.25,all,1,2,0.5228556318371634,0.44969115604660426,0.5335365853658537
single__meta_prompting__individual__sentence__linear_svm__C0.25__kall,single__meta_prompting__individual__sentence,meta_prompting__individual__sentence,linear_svm,0.25,all,1,3,0.6253755008684586,0.48496642246642246,0.6309859154929578
single__meta_prompting__individual__sentence__linear_svm__C0.25__kall,single__meta_prompting__individual__sentence,meta_prompting__individual__sentence,linear_svm,0.25,all,1,4,0.5409005919261337,0.4563002593381851,0.5480769230769231
single__meta_prompting__individual__sentence__linear_svm__C0.25__kall,single__meta_prompting__individual__sentence,meta_prompting__individual__sentence,linear_svm,0.25,all,2,0,0.543352390680989,0.413546629054331,0.5325779036827195
single__meta_prompting__individual__sentence__linear_svm__C0.25__kall,single__meta_prompting__individual__sentence,meta_prompting__individual__sentence,linear_svm,0.25,all,2,1,0.5642310340588992,0.46796867101998896,0.558641975308642
single__meta_prompting__individual__sentence__linear_svm__C0.25__kall,single__meta_prompting__individual__sentence,meta_prompting__individual__sentence,linear_svm,0.25,all,2,2,0.6389029519982685,0.44213106295149635,0.6443768996960486
single__meta_prompting__individual__sentence__linear_svm__C0.25__kall,single__meta_prompting__individual__sentence,meta_prompting__individual__sentence,linear_svm,0.25,all,2,3,0.5318395386616174,0.47127295015741233,0.5474683544303798
single__meta_prompting__individual__sentence__linear_svm__C0.25__kall,single__meta_prompting__individual__sentence,meta_prompting__individual__sentence,linear_svm,0.25,all,2,4,0.4881811812961094,0.41669222756031055,0.4984025559105431
single__meta_prompting__individual__sentence__linear_svm__C1__kall,single__meta_prompting__individual__sentence,meta_prompting__individual__sentence,linear_svm,1.0,all,0,0,0.5974999030253917,0.43102824065450124,0.5911949685534591
single__meta_prompting__individual__sentence__linear_svm__C1__kall,single__meta_prompting__individual__sentence,meta_prompting__individual__sentence,linear_svm,1.0,all,0,1,0.52610059912705,0.4346582837746079,0.5292682926829269
single__meta_prompting__individual__sentence__linear_svm__C1__kall,single__meta_prompting__individual__sentence,meta_prompting__individual__sentence,linear_svm,1.0,all,0,2,0.5492371543971724,0.42082223188022394,0.558282208588957
single__meta_prompting__individual__sentence__linear_svm__C1__kall,single__meta_prompting__individual__sentence,meta_prompting__individual__sentence,linear_svm,1.0,all,0,3,0.4958162253452687,0.4182846249864322,0.5033112582781457
single__meta_prompting__individual__sentence__linear_svm__C1__kall,single__meta_prompting__individual__sentence,meta_prompting__individual__sentence,linear_svm,1.0,all,0,4,0.5216896161200274,0.4098019438841005,0.5268817204301075
single__meta_prompting__individual__sentence__linear_svm__C1__kall,single__meta_prompting__individual__sentence,meta_prompting__individual__sentence,linear_svm,1.0,all,1,0,0.5352184968579734,0.40480978704863574,0.5317919075144508
single__meta_prompting__individual__sentence__linear_svm__C1__kall,single__meta_prompting__individual__sentence,meta_prompting__individual__sentence,linear_svm,1.0,all,1,1,0.5371389733106834,0.444145509662751,0.5272108843537415
single__meta_prompting__individual__sentence__linear_svm__C1__kall,single__meta_prompting__individual__sentence,meta_prompting__individual__sentence,linear_svm,1.0,all,1,2,0.5185146999487102,0.43995491432910216,0.5304878048780488
single__meta_prompting__individual__sentence__linear_svm__C1__kall,single__meta_prompting__individual__sentence,meta_prompting__individual__sentence,linear_svm,1.0,all,1,3,0.628951420805535,0.48838596491228065,0.6366197183098592
single__meta_prompting__individual__sentence__linear_svm__C1__kall,single__meta_prompting__individual__sentence,meta_prompting__individual__sentence,linear_svm,1.0,all,1,4,0.5459202789551914,0.4595891155444366,0.5544871794871795
single__meta_prompting__individual__sentence__linear_svm__C1__kall,single__meta_prompting__individual__sentence,meta_prompting__individual__sentence,linear_svm,1.0,all,2,0,0.5458868680755243,0.41635301928063567,0.5325779036827195
single__meta_prompting__individual__sentence__linear_svm__C1__kall,single__meta_prompting__individual__sentence,meta_prompting__individual__sentence,linear_svm,1.0,all,2,1,0.5705620225761076,0.4723554949762677,0.5648148148148148
single__meta_prompting__individual__sentence__linear_svm__C1__kall,single__meta_prompting__individual__sentence,meta_prompting__individual__sentence,linear_svm,1.0,all,2,2,0.6356920272152657,0.4384134670512379,0.6413373860182371
single__meta_prompting__individual__sentence__linear_svm__C1__kall,single__meta_prompting__individual__sentence,meta_prompting__individual__sentence,linear_svm,1.0,all,2,3,0.5331278514532279,0.4742297183437651,0.5474683544303798
single__meta_prompting__individual__sentence__linear_svm__C1__kall,single__meta_prompting__individual__sentence,meta_prompting__individual__sentence,linear_svm,1.0,all,2,4,0.47808088867174464,0.4025770015043574,0.48562300319488816
anchors_zero_shot__logistic_regression__C0.25__kall,anchors_zero_shot,zero_shot__macro__sentence;zero_shot__individual__sentence,logistic_regression,0.25,all,0,0,0.6357919145402373,0.5182332166678271,0.6226415094339622
anchors_zero_shot__logistic_regression__C0.25__kall,anchors_zero_shot,zero_shot__macro__sentence;zero_shot__individual__sentence,logistic_regression,0.25,all,0,1,0.5250472066439515,0.4461547648828785,0.5121951219512195
anchors_zero_shot__logistic_regression__C0.25__kall,anchors_zero_shot,zero_shot__macro__sentence;zero_shot__individual__sentence,logistic_regression,0.25,all,0,2,0.5710894460630022,0.4889740967327174,0.5674846625766872
anchors_zero_shot__logistic_regression__C0.25__kall,anchors_zero_shot,zero_shot__macro__sentence;zero_shot__individual__sentence,logistic_regression,0.25,all,0,3,0.5136171292407786,0.4646411510602412,0.5033112582781457
anchors_zero_shot__logistic_regression__C0.25__kall,anchors_zero_shot,zero_shot__macro__sentence;zero_shot__individual__sentence,logistic_regression,0.25,all,0,4,0.5568227073603417,0.47694456945694563,0.5448028673835126
anchors_zero_shot__logistic_regression__C0.25__kall,anchors_zero_shot,zero_shot__macro__sentence;zero_shot__individual__sentence,logistic_regression,0.25,all,1,0,0.5566006005341916,0.44828948285734654,0.5433526011560693
anchors_zero_shot__logistic_regression__C0.25__kall,anchors_zero_shot,zero_shot__macro__sentence;zero_shot__individual__sentence,logistic_regression,0.25,all,1,1,0.5226161661687421,0.45277924001664915,0.4931972789115646
anchors_zero_shot__logistic_regression__C0.25__kall,anchors_zero_shot,zero_shot__macro__sentence;zero_shot__individual__sentence,logistic_regression,0.25,all,1,2,0.590434549806887,0.5571174731382155,0.5884146341463414
anchors_zero_shot__logistic_regression__C0.25__kall,anchors_zero_shot,zero_shot__macro__sentence;zero_shot__individual__sentence,logistic_regression,0.25,all,1,3,0.5902545618250808,0.48900823301508234,0.5690140845070423
anchors_zero_shot__logistic_regression__C0.25__kall,anchors_zero_shot,zero_shot__macro__sentence;zero_shot__individual__sentence,logistic_regression,0.25,all,1,4,0.5789234232264123,0.4977301430818916,0.5801282051282052
anchors_zero_shot__logistic_regression__C0.25__kall,anchors_zero_shot,zero_shot__macro__sentence;zero_shot__individual__sentence,logistic_regression,0.25,all,2,0,0.56418049634883,0.4620325178186928,0.5382436260623229
anchors_zero_shot__logistic_regression__C0.25__kall,anchors_zero_shot,zero_shot__macro__sentence;zero_shot__individual__sentence,logistic_regression,0.25,all,2,1,0.5509196822075237,0.46823664798627984,0.5370370370370371
anchors_zero_shot__logistic_regression__C0.25__kall,anchors_zero_shot,zero_shot__macro__sentence;zero_shot__individual__sentence,logistic_regression,0.25,all,2,2,0.6105062916854483,0.4663346011235061,0.60790273556231
anchors_zero_shot__logistic_regression__C0.25__kall,anchors_zero_shot,zero_shot__macro__sentence;zero_shot__individual__sentence,logistic_regression,0.25,all,2,3,0.5216176276350206,0.49420584056205247,0.5189873417721519
anchors_zero_shot__logistic_regression__C0.25__kall,anchors_zero_shot,zero_shot__macro__sentence;zero_shot__individual__sentence,logistic_regression,0.25,all,2,4,0.5506189828228297,0.49424877308859855,0.536741214057508
anchors_zero_shot__logistic_regression__C1__kall,anchors_zero_shot,zero_shot__macro__sentence;zero_shot__individual__sentence,logistic_regression,1.0,all,0,0,0.6159658335019045,0.4975558498712441,0.6037735849056604
anchors_zero_shot__logistic_regression__C1__kall,anchors_zero_shot,zero_shot__macro__sentence;zero_shot__individual__sentence,logistic_regression,1.0,all,0,1,0.5428091026607954,0.46497730582041347,0.5292682926829269
anchors_zero_shot__logistic_regression__C1__kall,anchors_zero_shot,zero_shot__macro__sentence;zero_shot__individual__sentence,logistic_regression,1.0,all,0,2,0.5724328386905073,0.4967940238773572,0.5705521472392638
anchors_zero_shot__logistic_regression__C1__kall,anchors_zero_shot,zero_shot__macro__sentence;zero_shot__individual__sentence,logistic_regression,1.0,all,0,3,0.5052471400098517,0.4568835060016165,0.49337748344370863
anchors_zero_shot__logistic_regression__C1__kall,anchors_zero_shot,zero_shot__macro__sentence;zero_shot__individual__sentence,logistic_regression,1.0,all,0,4,0.5444102006469329,0.46109096517075243,0.5340501792114696
anchors_zero_shot__logistic_regression__C1__kall,anchors_zero_shot,zero_shot__macro__sentence;zero_shot__individual__sentence,logistic_regression,1.0,all,1,0,0.5568403032379321,0.4417046493851848,0.5433526011560693
anchors_zero_shot__logistic_regression__C1__kall,anchors_zero_shot,zero_shot__macro__sentence;zero_shot__individual__sentence,logistic_regression,1.0,all,1,1,0.5255568369001604,0.46074461335001965,0.4965986394557823
anchors_zero_shot__logistic_regression__C1__kall,anchors_zero_shot,zero_shot__macro__sentence;zero_shot__individual__sentence,logistic_regression,1.0,all,1,2,0.5718500194416106,0.5361434344532109,0.5701219512195121
anchors_zero_shot__logistic_regression__C1__kall,anchors_zero_shot,zero_shot__macro__sentence;zero_shot__individual__sentence,logistic_regression,1.0,all,1,3,0.5978393207716999,0.5020270472042866,0.5774647887323944
anchors_zero_shot__logistic_regression__C1__kall,anchors_zero_shot,zero_shot__macro__sentence;zero_shot__individual__sentence,logistic_regression,1.0,all,1,4,0.5817085701366638,0.4987655822438431,0.5833333333333334
anchors_zero_shot__logistic_regression__C1__kall,anchors_zero_shot,zero_shot__macro__sentence;zero_shot__individual__sentence,logistic_regression,1.0,all,2,0,0.5497476028709798,0.45025288369510497,0.5240793201133145
anchors_zero_shot__logistic_regression__C1__kall,anchors_zero_shot,zero_shot__macro__sentence;zero_shot__individual__sentence,logistic_regression,1.0,all,2,1,0.5537551422814992,0.47280795534763786,0.5401234567901234
anchors_zero_shot__logistic_regression__C1__kall,anchors_zero_shot,zero_shot__macro__sentence;zero_shot__individual__sentence,logistic_regression,1.0,all,2,2,0.6083759103401473,0.45291348718488283,0.6048632218844985
anchors_zero_shot__logistic_regression__C1__kall,anchors_zero_shot,zero_shot__macro__sentence;zero_shot__individual__sentence,logistic_regression,1.0,all,2,3,0.526531567530205,0.5045398182913827,0.5253164556962026
anchors_zero_shot__logistic_regression__C1__kall,anchors_zero_shot,zero_shot__macro__sentence;zero_shot__individual__sentence,logistic_regression,1.0,all,2,4,0.5427641200245988,0.48908289574259034,0.5335463258785943
anchors_zero_shot__linear_svm__C0.25__kall,anchors_zero_shot,zero_shot__macro__sentence;zero_shot__individual__sentence,linear_svm,0.25,all,0,0,0.6205737718654607,0.48019710970879614,0.6194968553459119
anchors_zero_shot__linear_svm__C0.25__kall,anchors_zero_shot,zero_shot__macro__sentence;zero_shot__individual__sentence,linear_svm,0.25,all,0,1,0.5117051019193224,0.42413713234730344,0.5097560975609756
anchors_zero_shot__linear_svm__C0.25__kall,anchors_zero_shot,zero_shot__macro__sentence;zero_shot__individual__sentence,linear_svm,0.25,all,0,2,0.5802729855610372,0.4828527646737909,0.588957055214724
anchors_zero_shot__linear_svm__C0.25__kall,anchors_zero_shot,zero_shot__macro__sentence;zero_shot__individual__sentence,linear_svm,0.25,all,0,3,0.5058601519504109,0.4548401005714126,0.5066225165562914
anchors_zero_shot__linear_svm__C0.25__kall,anchors_zero_shot,zero_shot__macro__sentence;zero_shot__individual__sentence,linear_svm,0.25,all,0,4,0.5392057199934929,0.4686599475524942,0.5448028673835126
anchors_zero_shot__linear_svm__C0.25__kall,anchors_zero_shot,zero_shot__macro__sentence;zero_shot__individual__sentence,linear_svm,0.25,all,1,0,0.5564669773224172,0.42992181699173926,0.5635838150289018
anchors_zero_shot__linear_svm__C0.25__kall,anchors_zero_shot,zero_shot__macro__sentence;zero_shot__individual__sentence,linear_svm,0.25,all,1,1,0.5432614574872725,0.4603048472552008,0.5204081632653061
anchors_zero_shot__linear_svm__C0.25__kall,anchors_zero_shot,zero_shot__macro__sentence;zero_shot__individual__sentence,linear_svm,0.25,all,1,2,0.5519954162966731,0.5234390701403296,0.5640243902439024
anchors_zero_shot__linear_svm__C0.25__kall,anchors_zero_shot,zero_shot__macro__sentence;zero_shot__individual__sentence,linear_svm,0.25,all,1,3,0.6136349874050568,0.5103076157837101,0.6084507042253521
anchors_zero_shot__linear_svm__C0.25__kall,anchors_zero_shot,zero_shot__macro__sentence;zero_shot__individual__sentence,linear_svm,0.25,all,1,4,0.5624233482548725,0.47225646503897994,0.5897435897435898
anchors_zero_shot__linear_svm__C0.25__kall,anchors_zero_shot,zero_shot__macro__sentence;zero_shot__individual__sentence,linear_svm,0.25,all,2,0,0.542143745031823,0.4321586629001884,0.5269121813031161
anchors_zero_shot__linear_svm__C0.25__kall,anchors_zero_shot,zero_shot__macro__sentence;zero_shot__individual__sentence,linear_svm,0.25,all,2,1,0.5628848163750505,0.4758464534875857,0.5617283950617284
anchors_zero_shot__linear_svm__C0.25__kall,anchors_zero_shot,zero_shot__macro__sentence;zero_shot__individual__sentence,linear_svm,0.25,all,2,2,0.6069005991377051,0.4431122281098831,0.6109422492401215
anchors_zero_shot__linear_svm__C0.25__kall,anchors_zero_shot,zero_shot__macro__sentence;zero_shot__individual__sentence,linear_svm,0.25,all,2,3,0.5409839940652671,0.5092042766628457,0.5474683544303798
anchors_zero_shot__linear_svm__C0.25__kall,anchors_zero_shot,zero_shot__macro__sentence;zero_shot__individual__sentence,linear_svm,0.25,all,2,4,0.5479336154864177,0.4922507220650101,0.5527156549520766
anchors_zero_shot__linear_svm__C1__kall,anchors_zero_shot,zero_shot__macro__sentence;zero_shot__individual__sentence,linear_svm,1.0,all,0,0,0.61940211915885,0.4898578020184772,0.6163522012578616
anchors_zero_shot__linear_svm__C1__kall,anchors_zero_shot,zero_shot__macro__sentence;zero_shot__individual__sentence,linear_svm,1.0,all,0,1,0.5173668386587961,0.428656155294017,0.5146341463414634
anchors_zero_shot__linear_svm__C1__kall,anchors_zero_shot,zero_shot__macro__sentence;zero_shot__individual__sentence,linear_svm,1.0,all,0,2,0.571432217945553,0.4763405638074324,0.5828220858895705
anchors_zero_shot__linear_svm__C1__kall,anchors_zero_shot,zero_shot__macro__sentence;zero_shot__individual__sentence,linear_svm,1.0,all,0,3,0.4967640765978948,0.4464421222598792,0.4966887417218543
anchors_zero_shot__linear_svm__C1__kall,anchors_zero_shot,zero_shot__macro__sentence;zero_shot__individual__sentence,linear_svm,1.0,all,0,4,0.5497590427228162,0.47678249145951057,0.5555555555555556
anchors_zero_shot__linear_svm__C1__kall,anchors_zero_shot,zero_shot__macro__sentence;zero_shot__individual__sentence,linear_svm,1.0,all,1,0,0.5671073696400213,0.43777500892340554,0.5722543352601156
anchors_zero_shot__linear_svm__C1__kall,anchors_zero_shot,zero_shot__macro__sentence;zero_shot__individual__sentence,linear_svm,1.0,all,1,1,0.5438977885923981,0.4686427182770023,0.5238095238095238
anchors_zero_shot__linear_svm__C1__kall,anchors_zero_shot,zero_shot__macro__sentence;zero_shot__individual__sentence,linear_svm,1.0,all,1,2,0.557623898429837,0.5271008218834305,0.5701219512195121
anchors_zero_shot__linear_svm__C1__kall,anchors_zero_shot,zero_shot__macro__sentence;zero_shot__individual__sentence,linear_svm,1.0,all,1,3,0.5989300622675912,0.4989429653146845,0.5915492957746479
anchors_zero_shot__linear_svm__C1__kall,anchors_zero_shot,zero_shot__macro__sentence;zero_shot__individual__sentence,linear_svm,1.0,all,1,4,0.5795674740196665,0.5021244161909705,0.6025641025641025
anchors_zero_shot__linear_svm__C1__kall,anchors_zero_shot,zero_shot__macro__sentence;zero_shot__individual__sentence,linear_svm,1.0,all,2,0,0.5391267282518591,0.42876264181300006,0.5212464589235127
anchors_zero_shot__linear_svm__C1__kall,anchors_zero_shot,zero_shot__macro__sentence;zero_shot__individual__sentence,linear_svm,1.0,all,2,1,0.5642353048531699,0.4776009638794901,0.5617283950617284
anchors_zero_shot__linear_svm__C1__kall,anchors_zero_shot,zero_shot__macro__sentence;zero_shot__individual__sentence,linear_svm,1.0,all,2,2,0.6153132922679584,0.4578933182656587,0.6200607902735562
anchors_zero_shot__linear_svm__C1__kall,anchors_zero_shot,zero_shot__macro__sentence;zero_shot__individual__sentence,linear_svm,1.0,all,2,3,0.5407116440445326,0.509025840202917,0.5474683544303798
anchors_zero_shot__linear_svm__C1__kall,anchors_zero_shot,zero_shot__macro__sentence;zero_shot__individual__sentence,linear_svm,1.0,all,2,4,0.5472017221870281,0.49307232601200096,0.5527156549520766
anchors_meta_prompting__logistic_regression__C0.25__kall,anchors_meta_prompting,meta_prompting__macro__sentence;meta_prompting__individual__sentence,logistic_regression,0.25,all,0,0,0.5954859596767006,0.44038000833458085,0.5691823899371069
anchors_meta_prompting__logistic_regression__C0.25__kall,anchors_meta_prompting,meta_prompting__macro__sentence;meta_prompting__individual__sentence,logistic_regression,0.25,all,0,1,0.5572027680871253,0.4701877601236374,0.5414634146341464
anchors_meta_prompting__logistic_regression__C0.25__kall,anchors_meta_prompting,meta_prompting__macro__sentence;meta_prompting__individual__sentence,logistic_regression,0.25,all,0,2,0.620640536789611,0.5137915737906334,0.6104294478527608
anchors_meta_prompting__logistic_regression__C0.25__kall,anchors_meta_prompting,meta_prompting__macro__sentence;meta_prompting__individual__sentence,logistic_regression,0.25,all,0,3,0.4599846319528765,0.39028657245865844,0.44370860927152317
anchors_meta_prompting__logistic_regression__C0.25__kall,anchors_meta_prompting,meta_prompting__macro__sentence;meta_prompting__individual__sentence,logistic_regression,0.25,all,0,4,0.5435071530659471,0.45225199831938145,0.5268817204301075
anchors_meta_prompting__logistic_regression__C0.25__kall,anchors_meta_prompting,meta_prompting__macro__sentence;meta_prompting__individual__sentence,logistic_regression,0.25,all,1,0,0.5633967843708457,0.4350759465273104,0.5404624277456648
anchors_meta_prompting__logistic_regression__C0.25__kall,anchors_meta_prompting,meta_prompting__macro__sentence;meta_prompting__individual__sentence,logistic_regression,0.25,all,1,1,0.5179832008487837,0.4394911250981452,0.48639455782312924
anchors_meta_prompting__logistic_regression__C0.25__kall,anchors_meta_prompting,meta_prompting__macro__sentence;meta_prompting__individual__sentence,logistic_regression,0.25,all,1,2,0.5561110881140465,0.4878815561551719,0.551829268292683
anchors_meta_prompting__logistic_regression__C0.25__kall,anchors_meta_prompting,meta_prompting__macro__sentence;meta_prompting__individual__sentence,logistic_regression,0.25,all,1,3,0.6407699788938636,0.5244292720793198,0.6253521126760564
anchors_meta_prompting__logistic_regression__C0.25__kall,anchors_meta_prompting,meta_prompting__macro__sentence;meta_prompting__individual__sentence,logistic_regression,0.25,all,1,4,0.5934332952184815,0.5159836836729208,0.5833333333333334
anchors_meta_prompting__logistic_regression__C0.25__kall,anchors_meta_prompting,meta_prompting__macro__sentence;meta_prompting__individual__sentence,logistic_regression,0.25,all,2,0,0.5816204896416919,0.457368904743308,0.5495750708215298
anchors_meta_prompting__logistic_regression__C0.25__kall,anchors_meta_prompting,meta_prompting__macro__sentence;meta_prompting__individual__sentence,logistic_regression,0.25,all,2,1,0.5677824319028022,0.4988107956857957,0.5555555555555556
anchors_meta_prompting__logistic_regression__C0.25__kall,anchors_meta_prompting,meta_prompting__macro__sentence;meta_prompting__individual__sentence,logistic_regression,0.25,all,2,2,0.6406160820491615,0.4868456763133742,0.6200607902735562
anchors_meta_prompting__logistic_regression__C0.25__kall,anchors_meta_prompting,meta_prompting__macro__sentence;meta_prompting__individual__sentence,logistic_regression,0.25,all,2,3,0.5391284958246262,0.48187539531941803,0.5379746835443038
anchors_meta_prompting__logistic_regression__C0.25__kall,anchors_meta_prompting,meta_prompting__macro__sentence;meta_prompting__individual__sentence,logistic_regression,0.25,all,2,4,0.5813566954570317,0.5075373548590814,0.5686900958466453
anchors_meta_prompting__logistic_regression__C1__kall,anchors_meta_prompting,meta_prompting__macro__sentence;meta_prompting__individual__sentence,logistic_regression,1.0,all,0,0,0.592630885319596,0.43356048834628186,0.5628930817610063
anchors_meta_prompting__logistic_regression__C1__kall,anchors_meta_prompting,meta_prompting__macro__sentence;meta_prompting__individual__sentence,logistic_regression,1.0,all,0,1,0.5601523483070425,0.47439875152363775,0.5414634146341464
anchors_meta_prompting__logistic_regression__C1__kall,anchors_meta_prompting,meta_prompting__macro__sentence;meta_prompting__individual__sentence,logistic_regression,1.0,all,0,2,0.6027332327945825,0.49492478980667953,0.5858895705521472
anchors_meta_prompting__logistic_regression__C1__kall,anchors_meta_prompting,meta_prompting__macro__sentence;meta_prompting__individual__sentence,logistic_regression,1.0,all,0,3,0.466840704529476,0.39837938173770254,0.45364238410596025
anchors_meta_prompting__logistic_regression__C1__kall,anchors_meta_prompting,meta_prompting__macro__sentence;meta_prompting__individual__sentence,logistic_regression,1.0,all,0,4,0.5510269208551989,0.45929907571698614,0.5340501792114696
anchors_meta_prompting__logistic_regression__C1__kall,anchors_meta_prompting,meta_prompting__macro__sentence;meta_prompting__individual__sentence,logistic_regression,1.0,all,1,0,0.565579656284344,0.4322967143747188,0.5433526011560693
anchors_meta_prompting__logistic_regression__C1__kall,anchors_meta_prompting,meta_prompting__macro__sentence;meta_prompting__individual__sentence,logistic_regression,1.0,all,1,1,0.5127476601794309,0.44442765415458874,0.48639455782312924
anchors_meta_prompting__logistic_regression__C1__kall,anchors_meta_prompting,meta_prompting__macro__sentence;meta_prompting__individual__sentence,logistic_regression,1.0,all,1,2,0.5355976370008211,0.46662079193898637,0.5304878048780488
anchors_meta_prompting__logistic_regression__C1__kall,anchors_meta_prompting,meta_prompting__macro__sentence;meta_prompting__individual__sentence,logistic_regression,1.0,all,1,3,0.6347897065349126,0.5153974155985346,0.6225352112676056
anchors_meta_prompting__logistic_regression__C1__kall,anchors_meta_prompting,meta_prompting__macro__sentence;meta_prompting__individual__sentence,logistic_regression,1.0,all,1,4,0.5827303399418784,0.5158276077393725,0.5769230769230769
anchors_meta_prompting__logistic_regression__C1__kall,anchors_meta_prompting,meta_prompting__macro__sentence;meta_prompting__individual__sentence,logistic_regression,1.0,all,2,0,0.5786275036636437,0.4629096589908947,0.546742209631728
anchors_meta_prompting__logistic_regression__C1__kall,anchors_meta_prompting,meta_prompting__macro__sentence;meta_prompting__individual__sentence,logistic_regression,1.0,all,2,1,0.5593902275241178,0.5030659809610663,0.5555555555555556
anchors_meta_prompting__logistic_regression__C1__kall,anchors_meta_prompting,meta_prompting__macro__sentence;meta_prompting__individual__sentence,logistic_regression,1.0,all,2,2,0.6459733819878196,0.49767284798534794,0.6261398176291794
anchors_meta_prompting__logistic_regression__C1__kall,anchors_meta_prompting,meta_prompting__macro__sentence;meta_prompting__individual__sentence,logistic_regression,1.0,all,2,3,0.5285646607163139,0.4725499902355137,0.5253164556962026
anchors_meta_prompting__logistic_regression__C1__kall,anchors_meta_prompting,meta_prompting__macro__sentence;meta_prompting__individual__sentence,logistic_regression,1.0,all,2,4,0.5775458951769419,0.5078775974873171,0.5686900958466453
anchors_meta_prompting__linear_svm__C0.25__kall,anchors_meta_prompting,meta_prompting__macro__sentence;meta_prompting__individual__sentence,linear_svm,0.25,all,0,0,0.6110457197025996,0.4501126807802597,0.5974842767295597
anchors_meta_prompting__linear_svm__C0.25__kall,anchors_meta_prompting,meta_prompting__macro__sentence;meta_prompting__individual__sentence,linear_svm,0.25,all,0,1,0.559865028811227,0.48638766012405554,0.5658536585365853
anchors_meta_prompting__linear_svm__C0.25__kall,anchors_meta_prompting,meta_prompting__macro__sentence;meta_prompting__individual__sentence,linear_svm,0.25,all,0,2,0.6216583551585165,0.487370857699805,0.6226993865030674
anchors_meta_prompting__linear_svm__C0.25__kall,anchors_meta_prompting,meta_prompting__macro__sentence;meta_prompting__individual__sentence,linear_svm,0.25,all,0,3,0.49503747822379035,0.4219872700109343,0.5
anchors_meta_prompting__linear_svm__C0.25__kall,anchors_meta_prompting,meta_prompting__macro__sentence;meta_prompting__individual__sentence,linear_svm,0.25,all,0,4,0.5548208799058894,0.45055976959503813,0.5555555555555556
anchors_meta_prompting__linear_svm__C0.25__kall,anchors_meta_prompting,meta_prompting__macro__sentence;meta_prompting__individual__sentence,linear_svm,0.25,all,1,0,0.5576243873883266,0.4191970780245218,0.5549132947976878
anchors_meta_prompting__linear_svm__C0.25__kall,anchors_meta_prompting,meta_prompting__macro__sentence;meta_prompting__individual__sentence,linear_svm,0.25,all,1,1,0.5683610902555003,0.47860228539576366,0.5544217687074829
anchors_meta_prompting__linear_svm__C0.25__kall,anchors_meta_prompting,meta_prompting__macro__sentence;meta_prompting__individual__sentence,linear_svm,0.25,all,1,2,0.5133730713789159,0.44646791921193685,0.524390243902439
anchors_meta_prompting__linear_svm__C0.25__kall,anchors_meta_prompting,meta_prompting__macro__sentence;meta_prompting__individual__sentence,linear_svm,0.25,all,1,3,0.6378408050218559,0.4999702158124272,0.6422535211267606
anchors_meta_prompting__linear_svm__C0.25__kall,anchors_meta_prompting,meta_prompting__macro__sentence;meta_prompting__individual__sentence,linear_svm,0.25,all,1,4,0.5955982289985919,0.52297634486444,0.6057692307692307
anchors_meta_prompting__linear_svm__C0.25__kall,anchors_meta_prompting,meta_prompting__macro__sentence;meta_prompting__individual__sentence,linear_svm,0.25,all,2,0,0.5865020255162205,0.4603214052636331,0.5750708215297451
anchors_meta_prompting__linear_svm__C0.25__kall,anchors_meta_prompting,meta_prompting__macro__sentence;meta_prompting__individual__sentence,linear_svm,0.25,all,2,1,0.578582648322601,0.521887710717498,0.5802469135802469
anchors_meta_prompting__linear_svm__C0.25__kall,anchors_meta_prompting,meta_prompting__macro__sentence;meta_prompting__individual__sentence,linear_svm,0.25,all,2,2,0.6262502532514547,0.4744008007573548,0.6231003039513677
anchors_meta_prompting__linear_svm__C0.25__kall,anchors_meta_prompting,meta_prompting__macro__sentence;meta_prompting__individual__sentence,linear_svm,0.25,all,2,3,0.5604373643821563,0.4973090509197547,0.5727848101265823
anchors_meta_prompting__linear_svm__C0.25__kall,anchors_meta_prompting,meta_prompting__macro__sentence;meta_prompting__individual__sentence,linear_svm,0.25,all,2,4,0.561197868837449,0.4691712055807823,0.5686900958466453
anchors_meta_prompting__linear_svm__C1__kall,anchors_meta_prompting,meta_prompting__macro__sentence;meta_prompting__individual__sentence,linear_svm,1.0,all,0,0,0.599956477758301,0.4337835364514635,0.5880503144654088
anchors_meta_prompting__linear_svm__C1__kall,anchors_meta_prompting,meta_prompting__macro__sentence;meta_prompting__individual__sentence,linear_svm,1.0,all,0,1,0.5543986375022868,0.4675921877792639,0.5609756097560976
anchors_meta_prompting__linear_svm__C1__kall,anchors_meta_prompting,meta_prompting__macro__sentence;meta_prompting__individual__sentence,linear_svm,1.0,all,0,2,0.6193651124273334,0.49607284088178105,0.6165644171779141
anchors_meta_prompting__linear_svm__C1__kall,anchors_meta_prompting,meta_prompting__macro__sentence;meta_prompting__individual__sentence,linear_svm,1.0,all,0,3,0.48318392105904834,0.41093723634031926,0.4867549668874172
anchors_meta_prompting__linear_svm__C1__kall,anchors_meta_prompting,meta_prompting__macro__sentence;meta_prompting__individual__sentence,linear_svm,1.0,all,0,4,0.5579466193417898,0.46075604145908367,0.5591397849462365
anchors_meta_prompting__linear_svm__C1__kall,anchors_meta_prompting,meta_prompting__macro__sentence;meta_prompting__individual__sentence,linear_svm,1.0,all,1,0,0.5524149742226531,0.4159146196227198,0.5491329479768786
anchors_meta_prompting__linear_svm__C1__kall,anchors_meta_prompting,meta_prompting__macro__sentence;meta_prompting__individual__sentence,linear_svm,1.0,all,1,1,0.557447916699627,0.47702711982877366,0.54421768707483
anchors_meta_prompting__linear_svm__C1__kall,anchors_meta_prompting,meta_prompting__macro__sentence;meta_prompting__individual__sentence,linear_svm,1.0,all,1,2,0.502116834723542,0.430283189033189,0.5121951219512195
anchors_meta_prompting__linear_svm__C1__kall,anchors_meta_prompting,meta_prompting__macro__sentence;meta_prompting__individual__sentence,linear_svm,1.0,all,1,3,0.6409029371940299,0.5025083736694326,0.6450704225352113
anchors_meta_prompting__linear_svm__C1__kall,anchors_meta_prompting,meta_prompting__macro__sentence;meta_prompting__individual__sentence,linear_svm,1.0,all,1,4,0.5991067613193956,0.526320729859693,0.6089743589743589
anchors_meta_prompting__linear_svm__C1__kall,anchors_meta_prompting,meta_prompting__macro__sentence;meta_prompting__individual__sentence,linear_svm,1.0,all,2,0,0.5894041751017938,0.46273273948307475,0.5750708215297451
anchors_meta_prompting__linear_svm__C1__kall,anchors_meta_prompting,meta_prompting__macro__sentence;meta_prompting__individual__sentence,linear_svm,1.0,all,2,1,0.5772625298168083,0.5212559471180161,0.5802469135802469
anchors_meta_prompting__linear_svm__C1__kall,anchors_meta_prompting,meta_prompting__macro__sentence;meta_prompting__individual__sentence,linear_svm,1.0,all,2,2,0.6239386266962146,0.47822447856646005,0.6200607902735562
anchors_meta_prompting__linear_svm__C1__kall,anchors_meta_prompting,meta_prompting__macro__sentence;meta_prompting__individual__sentence,linear_svm,1.0,all,2,3,0.5687902247368051,0.5071882684197786,0.5791139240506329
anchors_meta_prompting__linear_svm__C1__kall,anchors_meta_prompting,meta_prompting__macro__sentence;meta_prompting__individual__sentence,linear_svm,1.0,all,2,4,0.5496949686266475,0.4592019888223003,0.5559105431309904
anchors_complementary__logistic_regression__C0.25__kall,anchors_complementary,zero_shot__individual__sentence;meta_prompting__macro__sentence,logistic_regression,0.25,all,0,0,0.6339544611716453,0.49812853251311173,0.6037735849056604
anchors_complementary__logistic_regression__C0.25__kall,anchors_complementary,zero_shot__individual__sentence;meta_prompting__macro__sentence,logistic_regression,0.25,all,0,1,0.549983365125986,0.46596750706920204,0.5317073170731708
anchors_complementary__logistic_regression__C0.25__kall,anchors_complementary,zero_shot__individual__sentence;meta_prompting__macro__sentence,logistic_regression,0.25,all,0,2,0.5923878076450638,0.48523486030320373,0.5766871165644172
anchors_complementary__logistic_regression__C0.25__kall,anchors_complementary,zero_shot__individual__sentence;meta_prompting__macro__sentence,logistic_regression,0.25,all,0,3,0.5015384216423274,0.43321811034102914,0.4867549668874172
anchors_complementary__logistic_regression__C0.25__kall,anchors_complementary,zero_shot__individual__sentence;meta_prompting__macro__sentence,logistic_regression,0.25,all,0,4,0.5235404129292075,0.4322749983934195,0.4946236559139785
anchors_complementary__logistic_regression__C0.25__kall,anchors_complementary,zero_shot__individual__sentence;meta_prompting__macro__sentence,logistic_regression,0.25,all,1,0,0.5518259830231057,0.4207167636909803,0.523121387283237
anchors_complementary__logistic_regression__C0.25__kall,anchors_complementary,zero_shot__individual__sentence;meta_prompting__macro__sentence,logistic_regression,0.25,all,1,1,0.5298659423703285,0.44657782423133874,0.4897959183673469
anchors_complementary__logistic_regression__C0.25__kall,anchors_complementary,zero_shot__individual__sentence;meta_prompting__macro__sentence,logistic_regression,0.25,all,1,2,0.5808284680773921,0.5039130759718995,0.5670731707317073
anchors_complementary__logistic_regression__C0.25__kall,anchors_complementary,zero_shot__individual__sentence;meta_prompting__macro__sentence,logistic_regression,0.25,all,1,3,0.6468780566471504,0.5385850651050965,0.6281690140845071
anchors_complementary__logistic_regression__C0.25__kall,anchors_complementary,zero_shot__individual__sentence;meta_prompting__macro__sentence,logistic_regression,0.25,all,1,4,0.5908984264180159,0.5031801473997337,0.5897435897435898
anchors_complementary__logistic_regression__C0.25__kall,anchors_complementary,zero_shot__individual__sentence;meta_prompting__macro__sentence,logistic_regression,0.25,all,2,0,0.5778996796256747,0.46962909028148586,0.546742209631728
anchors_complementary__logistic_regression__C0.25__kall,anchors_complementary,zero_shot__individual__sentence;meta_prompting__macro__sentence,logistic_regression,0.25,all,2,1,0.5483554580856336,0.4533890497071833,0.5246913580246914
anchors_complementary__logistic_regression__C0.25__kall,anchors_complementary,zero_shot__individual__sentence;meta_prompting__macro__sentence,logistic_regression,0.25,all,2,2,0.6371757942230951,0.4814229376149416,0.6170212765957447
anchors_complementary__logistic_regression__C0.25__kall,anchors_complementary,zero_shot__individual__sentence;meta_prompting__macro__sentence,logistic_regression,0.25,all,2,3,0.5795223006232587,0.5354739832489808,0.5791139240506329
anchors_complementary__logistic_regression__C0.25__kall,anchors_complementary,zero_shot__individual__sentence;meta_prompting__macro__sentence,logistic_regression,0.25,all,2,4,0.5979076985520912,0.5223613117680914,0.5782747603833865
anchors_complementary__logistic_regression__C1__kall,anchors_complementary,zero_shot__individual__sentence;meta_prompting__macro__sentence,logistic_regression,1.0,all,0,0,0.6328458348235392,0.49289200286331747,0.6037735849056604
anchors_complementary__logistic_regression__C1__kall,anchors_complementary,zero_shot__individual__sentence;meta_prompting__macro__sentence,logistic_regression,1.0,all,0,1,0.5339660904098587,0.45513182650731066,0.5195121951219512
anchors_complementary__logistic_regression__C1__kall,anchors_complementary,zero_shot__individual__sentence;meta_prompting__macro__sentence,logistic_regression,1.0,all,0,2,0.6127728422660004,0.5017366779325578,0.5950920245398773
anchors_complementary__logistic_regression__C1__kall,anchors_complementary,zero_shot__individual__sentence;meta_prompting__macro__sentence,logistic_regression,1.0,all,0,3,0.5010203111842804,0.4305181072993649,0.4900662251655629
anchors_complementary__logistic_regression__C1__kall,anchors_complementary,zero_shot__individual__sentence;meta_prompting__macro__sentence,logistic_regression,1.0,all,0,4,0.5124818092741572,0.42577302314744103,0.4874551971326165
anchors_complementary__logistic_regression__C1__kall,anchors_complementary,zero_shot__individual__sentence;meta_prompting__macro__sentence,logistic_regression,1.0,all,1,0,0.5391397891159918,0.4065269687102809,0.5086705202312138
anchors_complementary__logistic_regression__C1__kall,anchors_complementary,zero_shot__individual__sentence;meta_prompting__macro__sentence,logistic_regression,1.0,all,1,1,0.5434927089062428,0.4550254813412708,0.5034013605442177
anchors_complementary__logistic_regression__C1__kall,anchors_complementary,zero_shot__individual__sentence;meta_prompting__macro__sentence,logistic_regression,1.0,all,1,2,0.554899624676893,0.48404971904169863,0.5457317073170732
anchors_complementary__logistic_regression__C1__kall,anchors_complementary,zero_shot__individual__sentence;meta_prompting__macro__sentence,logistic_regression,1.0,all,1,3,0.6423132764986086,0.5319437552868505,0.6253521126760564
anchors_complementary__logistic_regression__C1__kall,anchors_complementary,zero_shot__individual__sentence;meta_prompting__macro__sentence,logistic_regression,1.0,all,1,4,0.597448446566051,0.5155829596412556,0.5993589743589743
anchors_complementary__logistic_regression__C1__kall,anchors_complementary,zero_shot__individual__sentence;meta_prompting__macro__sentence,logistic_regression,1.0,all,2,0,0.5696582964717968,0.4636761873328253,0.5382436260623229
anchors_complementary__logistic_regression__C1__kall,anchors_complementary,zero_shot__individual__sentence;meta_prompting__macro__sentence,logistic_regression,1.0,all,2,1,0.548683546649153,0.45117199144772235,0.5246913580246914
anchors_complementary__logistic_regression__C1__kall,anchors_complementary,zero_shot__individual__sentence;meta_prompting__macro__sentence,logistic_regression,1.0,all,2,2,0.6278108323504,0.46954420031706967,0.6048632218844985
anchors_complementary__logistic_regression__C1__kall,anchors_complementary,zero_shot__individual__sentence;meta_prompting__macro__sentence,logistic_regression,1.0,all,2,3,0.5489016700273022,0.4936292036394488,0.5474683544303798
anchors_complementary__logistic_regression__C1__kall,anchors_complementary,zero_shot__individual__sentence;meta_prompting__macro__sentence,logistic_regression,1.0,all,2,4,0.5761127607124401,0.5061094728200882,0.5591054313099042
anchors_complementary__linear_svm__C0.25__kall,anchors_complementary,zero_shot__individual__sentence;meta_prompting__macro__sentence,linear_svm,0.25,all,0,0,0.6294975976964706,0.47340611598871984,0.6163522012578616
anchors_complementary__linear_svm__C0.25__kall,anchors_complementary,zero_shot__individual__sentence;meta_prompting__macro__sentence,linear_svm,0.25,all,0,1,0.5376916681238598,0.46431788882604424,0.5414634146341464
anchors_complementary__linear_svm__C0.25__kall,anchors_complementary,zero_shot__individual__sentence;meta_prompting__macro__sentence,linear_svm,0.25,all,0,2,0.6129456262109443,0.493130793807854,0.6073619631901841
anchors_complementary__linear_svm__C0.25__kall,anchors_complementary,zero_shot__individual__sentence;meta_prompting__macro__sentence,linear_svm,0.25,all,0,3,0.5028340080971658,0.4280824438719176,0.5066225165562914
anchors_complementary__linear_svm__C0.25__kall,anchors_complementary,zero_shot__individual__sentence;meta_prompting__macro__sentence,linear_svm,0.25,all,0,4,0.5309127732580377,0.4353733578364553,0.5340501792114696
anchors_complementary__linear_svm__C0.25__kall,anchors_complementary,zero_shot__individual__sentence;meta_prompting__macro__sentence,linear_svm,0.25,all,1,0,0.5492909924720527,0.40465870163713935,0.5491329479768786
anchors_complementary__linear_svm__C0.25__kall,anchors_complementary,zero_shot__individual__sentence;meta_prompting__macro__sentence,linear_svm,0.25,all,1,1,0.5312040460166637,0.4315380421022825,0.5068027210884354
anchors_complementary__linear_svm__C0.25__kall,anchors_complementary,zero_shot__individual__sentence;meta_prompting__macro__sentence,linear_svm,0.25,all,1,2,0.5633742125451163,0.4953668985736369,0.573170731707317
anchors_complementary__linear_svm__C0.25__kall,anchors_complementary,zero_shot__individual__sentence;meta_prompting__macro__sentence,linear_svm,0.25,all,1,3,0.6213098455901968,0.487387495661976,0.6197183098591549
anchors_complementary__linear_svm__C0.25__kall,anchors_complementary,zero_shot__individual__sentence;meta_prompting__macro__sentence,linear_svm,0.25,all,1,4,0.5948327354996982,0.5025559192749265,0.6057692307692307
anchors_complementary__linear_svm__C0.25__kall,anchors_complementary,zero_shot__individual__sentence;meta_prompting__macro__sentence,linear_svm,0.25,all,2,0,0.5715731697485184,0.4453091600004526,0.5552407932011332
anchors_complementary__linear_svm__C0.25__kall,anchors_complementary,zero_shot__individual__sentence;meta_prompting__macro__sentence,linear_svm,0.25,all,2,1,0.5579111472668697,0.4517751686122842,0.5462962962962963
anchors_complementary__linear_svm__C0.25__kall,anchors_complementary,zero_shot__individual__sentence;meta_prompting__macro__sentence,linear_svm,0.25,all,2,2,0.627038687360158,0.4486503351875624,0.6231003039513677
anchors_complementary__linear_svm__C0.25__kall,anchors_complementary,zero_shot__individual__sentence;meta_prompting__macro__sentence,linear_svm,0.25,all,2,3,0.5622789400759132,0.49037108935116325,0.5791139240506329
anchors_complementary__linear_svm__C0.25__kall,anchors_complementary,zero_shot__individual__sentence;meta_prompting__macro__sentence,linear_svm,0.25,all,2,4,0.5910018321519919,0.511939356939357,0.5878594249201278
anchors_complementary__linear_svm__C1__kall,anchors_complementary,zero_shot__individual__sentence;meta_prompting__macro__sentence,linear_svm,1.0,all,0,0,0.623230643744114,0.47107068551435316,0.6069182389937107
anchors_complementary__linear_svm__C1__kall,anchors_complementary,zero_shot__individual__sentence;meta_prompting__macro__sentence,linear_svm,1.0,all,0,1,0.545443968257339,0.47045580138661736,0.5487804878048781
anchors_complementary__linear_svm__C1__kall,anchors_complementary,zero_shot__individual__sentence;meta_prompting__macro__sentence,linear_svm,1.0,all,0,2,0.6060980875267215,0.49395439110942974,0.6012269938650306
anchors_complementary__linear_svm__C1__kall,anchors_complementary,zero_shot__individual__sentence;meta_prompting__macro__sentence,linear_svm,1.0,all,0,3,0.4999161318366617,0.42669884169884165,0.5066225165562914
anchors_complementary__linear_svm__C1__kall,anchors_complementary,zero_shot__individual__sentence;meta_prompting__macro__sentence,linear_svm,1.0,all,0,4,0.538370017015931,0.4519008664513126,0.5448028673835126
anchors_complementary__linear_svm__C1__kall,anchors_complementary,zero_shot__individual__sentence;meta_prompting__macro__sentence,linear_svm,1.0,all,1,0,0.5601984600635284,0.4144508843485205,0.5578034682080925
anchors_complementary__linear_svm__C1__kall,anchors_complementary,zero_shot__individual__sentence;meta_prompting__macro__sentence,linear_svm,1.0,all,1,1,0.5293406002369375,0.4295322234651199,0.5034013605442177
anchors_complementary__linear_svm__C1__kall,anchors_complementary,zero_shot__individual__sentence;meta_prompting__macro__sentence,linear_svm,1.0,all,1,2,0.5348056467033723,0.4639591194422483,0.5426829268292683
anchors_complementary__linear_svm__C1__kall,anchors_complementary,zero_shot__individual__sentence;meta_prompting__macro__sentence,linear_svm,1.0,all,1,3,0.631717004369188,0.4970959401049707,0.6309859154929578
anchors_complementary__linear_svm__C1__kall,anchors_complementary,zero_shot__individual__sentence;meta_prompting__macro__sentence,linear_svm,1.0,all,1,4,0.5970092001226843,0.5036613153291936,0.6089743589743589
anchors_complementary__linear_svm__C1__kall,anchors_complementary,zero_shot__individual__sentence;meta_prompting__macro__sentence,linear_svm,1.0,all,2,0,0.5740617019626404,0.460648200119139,0.5609065155807366
anchors_complementary__linear_svm__C1__kall,anchors_complementary,zero_shot__individual__sentence;meta_prompting__macro__sentence,linear_svm,1.0,all,2,1,0.5245077372618896,0.42199581185567003,0.5154320987654321
anchors_complementary__linear_svm__C1__kall,anchors_complementary,zero_shot__individual__sentence;meta_prompting__macro__sentence,linear_svm,1.0,all,2,2,0.6200362272883237,0.43925533258388344,0.6139817629179332
anchors_complementary__linear_svm__C1__kall,anchors_complementary,zero_shot__individual__sentence;meta_prompting__macro__sentence,linear_svm,1.0,all,2,3,0.53935982289626,0.47028519945788616,0.5537974683544303
anchors_complementary__linear_svm__C1__kall,anchors_complementary,zero_shot__individual__sentence;meta_prompting__macro__sentence,linear_svm,1.0,all,2,4,0.5804180792923778,0.5041634178684639,0.5782747603833865
anchors_all__logistic_regression__C0.25__k64,anchors_all,zero_shot__macro__sentence;zero_shot__individual__sentence;meta_prompting__macro__sentence;meta_prompting__individual__sentence,logistic_regression,0.25,64,0,0,0.6324379733591688,0.512728005169693,0.6132075471698113
anchors_all__logistic_regression__C0.25__k64,anchors_all,zero_shot__macro__sentence;zero_shot__individual__sentence;meta_prompting__macro__sentence;meta_prompting__individual__sentence,logistic_regression,0.25,64,0,1,0.5481813540266021,0.45330982507706646,0.5317073170731708
anchors_all__logistic_regression__C0.25__k64,anchors_all,zero_shot__macro__sentence;zero_shot__individual__sentence;meta_prompting__macro__sentence;meta_prompting__individual__sentence,logistic_regression,0.25,64,0,2,0.637711862870483,0.5398515069649009,0.6288343558282209
anchors_all__logistic_regression__C0.25__k64,anchors_all,zero_shot__macro__sentence;zero_shot__individual__sentence;meta_prompting__macro__sentence;meta_prompting__individual__sentence,logistic_regression,0.25,64,0,3,0.5075594406593322,0.46685201050401404,0.5
anchors_all__logistic_regression__C0.25__k64,anchors_all,zero_shot__macro__sentence;zero_shot__individual__sentence;meta_prompting__macro__sentence;meta_prompting__individual__sentence,logistic_regression,0.25,64,0,4,0.5608318993617778,0.488000575818706,0.5483870967741935
anchors_all__logistic_regression__C0.25__k64,anchors_all,zero_shot__macro__sentence;zero_shot__individual__sentence;meta_prompting__macro__sentence;meta_prompting__individual__sentence,logistic_regression,0.25,64,1,0,0.5533461658057082,0.44979941085502656,0.5375722543352601
anchors_all__logistic_regression__C0.25__k64,anchors_all,zero_shot__macro__sentence;zero_shot__individual__sentence;meta_prompting__macro__sentence;meta_prompting__individual__sentence,logistic_regression,0.25,64,1,1,0.5303228590238386,0.4623681127847651,0.5034013605442177
anchors_all__logistic_regression__C0.25__k64,anchors_all,zero_shot__macro__sentence;zero_shot__individual__sentence;meta_prompting__macro__sentence;meta_prompting__individual__sentence,logistic_regression,0.25,64,1,2,0.590903223326642,0.555589220243503,0.5914634146341463
anchors_all__logistic_regression__C0.25__k64,anchors_all,zero_shot__macro__sentence;zero_shot__individual__sentence;meta_prompting__macro__sentence;meta_prompting__individual__sentence,logistic_regression,0.25,64,1,3,0.6454144481212343,0.5515935327298964,0.6338028169014085
anchors_all__logistic_regression__C0.25__k64,anchors_all,zero_shot__macro__sentence;zero_shot__individual__sentence;meta_prompting__macro__sentence;meta_prompting__individual__sentence,logistic_regression,0.25,64,1,4,0.6147281779552713,0.538664125567866,0.6153846153846154
anchors_all__logistic_regression__C0.25__k64,anchors_all,zero_shot__macro__sentence;zero_shot__individual__sentence;meta_prompting__macro__sentence;meta_prompting__individual__sentence,logistic_regression,0.25,64,2,0,0.5519970667931197,0.4527741998970745,0.5184135977337111
anchors_all__logistic_regression__C0.25__k64,anchors_all,zero_shot__macro__sentence;zero_shot__individual__sentence;meta_prompting__macro__sentence;meta_prompting__individual__sentence,logistic_regression,0.25,64,2,1,0.5838630359732191,0.48728895711856474,0.5648148148148148
anchors_all__logistic_regression__C0.25__k64,anchors_all,zero_shot__macro__sentence;zero_shot__individual__sentence;meta_prompting__macro__sentence;meta_prompting__individual__sentence,logistic_regression,0.25,64,2,2,0.6019292901270762,0.44555841773510535,0.5866261398176292
anchors_all__logistic_regression__C0.25__k64,anchors_all,zero_shot__macro__sentence;zero_shot__individual__sentence;meta_prompting__macro__sentence;meta_prompting__individual__sentence,logistic_regression,0.25,64,2,3,0.5864819618715599,0.5491310992904427,0.5886075949367089
anchors_all__logistic_regression__C0.25__k64,anchors_all,zero_shot__macro__sentence;zero_shot__individual__sentence;meta_prompting__macro__sentence;meta_prompting__individual__sentence,logistic_regression,0.25,64,2,4,0.5862999944337917,0.5220361351948773,0.5718849840255591
anchors_all__logistic_regression__C0.25__kall,anchors_all,zero_shot__macro__sentence;zero_shot__individual__sentence;meta_prompting__macro__sentence;meta_prompting__individual__sentence,logistic_regression,0.25,all,0,0,0.6340371772461,0.5144645294450547,0.610062893081761
anchors_all__logistic_regression__C0.25__kall,anchors_all,zero_shot__macro__sentence;zero_shot__individual__sentence;meta_prompting__macro__sentence;meta_prompting__individual__sentence,logistic_regression,0.25,all,0,1,0.550784776819285,0.4600324226966376,0.5365853658536586
anchors_all__logistic_regression__C0.25__kall,anchors_all,zero_shot__macro__sentence;zero_shot__individual__sentence;meta_prompting__macro__sentence;meta_prompting__individual__sentence,logistic_regression,0.25,all,0,2,0.6238869830810254,0.5295621270775026,0.6196319018404908
anchors_all__logistic_regression__C0.25__kall,anchors_all,zero_shot__macro__sentence;zero_shot__individual__sentence;meta_prompting__macro__sentence;meta_prompting__individual__sentence,logistic_regression,0.25,all,0,3,0.5222929241540797,0.46383057374436687,0.5099337748344371
anchors_all__logistic_regression__C0.25__kall,anchors_all,zero_shot__macro__sentence;zero_shot__individual__sentence;meta_prompting__macro__sentence;meta_prompting__individual__sentence,logistic_regression,0.25,all,0,4,0.5671559942233044,0.4846949705438435,0.5663082437275986
anchors_all__logistic_regression__C0.25__kall,anchors_all,zero_shot__macro__sentence;zero_shot__individual__sentence;meta_prompting__macro__sentence;meta_prompting__individual__sentence,logistic_regression,0.25,all,1,0,0.5671539613882086,0.4345559912145524,0.5520231213872833
anchors_all__logistic_regression__C0.25__kall,anchors_all,zero_shot__macro__sentence;zero_shot__individual__sentence;meta_prompting__macro__sentence;meta_prompting__individual__sentence,logistic_regression,0.25,all,1,1,0.539328883196607,0.4688636582886232,0.5136054421768708
anchors_all__logistic_regression__C0.25__kall,anchors_all,zero_shot__macro__sentence;zero_shot__individual__sentence;meta_prompting__macro__sentence;meta_prompting__individual__sentence,logistic_regression,0.25,all,1,2,0.5994683206253861,0.5666366307045698,0.5975609756097561
anchors_all__logistic_regression__C0.25__kall,anchors_all,zero_shot__macro__sentence;zero_shot__individual__sentence;meta_prompting__macro__sentence;meta_prompting__individual__sentence,logistic_regression,0.25,all,1,3,0.6378876441151757,0.5371714741236785,0.6225352112676056
anchors_all__logistic_regression__C0.25__kall,anchors_all,zero_shot__macro__sentence;zero_shot__individual__sentence;meta_prompting__macro__sentence;meta_prompting__individual__sentence,logistic_regression,0.25,all,1,4,0.6107439895586175,0.5433820733001061,0.6121794871794872
anchors_all__logistic_regression__C0.25__kall,anchors_all,zero_shot__macro__sentence;zero_shot__individual__sentence;meta_prompting__macro__sentence;meta_prompting__individual__sentence,logistic_regression,0.25,all,2,0,0.5926651858078981,0.487527550270741,0.56657223796034
anchors_all__logistic_regression__C0.25__kall,anchors_all,zero_shot__macro__sentence;zero_shot__individual__sentence;meta_prompting__macro__sentence;meta_prompting__individual__sentence,logistic_regression,0.25,all,2,1,0.5875549555525501,0.49930990262563035,0.5709876543209876
anchors_all__logistic_regression__C0.25__kall,anchors_all,zero_shot__macro__sentence;zero_shot__individual__sentence;meta_prompting__macro__sentence;meta_prompting__individual__sentence,logistic_regression,0.25,all,2,2,0.6236927366346661,0.4767017879146026,0.6139817629179332
anchors_all__logistic_regression__C0.25__kall,anchors_all,zero_shot__macro__sentence;zero_shot__individual__sentence;meta_prompting__macro__sentence;meta_prompting__individual__sentence,logistic_regression,0.25,all,2,3,0.5871550409134313,0.5542052444135501,0.5854430379746836
anchors_all__logistic_regression__C0.25__kall,anchors_all,zero_shot__macro__sentence;zero_shot__individual__sentence;meta_prompting__macro__sentence;meta_prompting__individual__sentence,logistic_regression,0.25,all,2,4,0.5885192456538528,0.5167881235679928,0.5814696485623003
anchors_all__logistic_regression__C1__k64,anchors_all,zero_shot__macro__sentence;zero_shot__individual__sentence;meta_prompting__macro__sentence;meta_prompting__individual__sentence,logistic_regression,1.0,64,0,0,0.6362835684922595,0.5239688532523877,0.6163522012578616
anchors_all__logistic_regression__C1__k64,anchors_all,zero_shot__macro__sentence;zero_shot__individual__sentence;meta_prompting__macro__sentence;meta_prompting__individual__sentence,logistic_regression,1.0,64,0,1,0.5484603518013669,0.4552084606095621,0.5317073170731708
anchors_all__logistic_regression__C1__k64,anchors_all,zero_shot__macro__sentence;zero_shot__individual__sentence;meta_prompting__macro__sentence;meta_prompting__individual__sentence,logistic_regression,1.0,64,0,2,0.6247458294810654,0.5314222587177208,0.6165644171779141
anchors_all__logistic_regression__C1__k64,anchors_all,zero_shot__macro__sentence;zero_shot__individual__sentence;meta_prompting__macro__sentence;meta_prompting__individual__sentence,logistic_regression,1.0,64,0,3,0.5020605959729249,0.46274041531506216,0.4966887417218543
anchors_all__logistic_regression__C1__k64,anchors_all,zero_shot__macro__sentence;zero_shot__individual__sentence;meta_prompting__macro__sentence;meta_prompting__individual__sentence,logistic_regression,1.0,64,0,4,0.5404253660611369,0.47959780178348776,0.5340501792114696
anchors_all__logistic_regression__C1__k64,anchors_all,zero_shot__macro__sentence;zero_shot__individual__sentence;meta_prompting__macro__sentence;meta_prompting__individual__sentence,logistic_regression,1.0,64,1,0,0.5490301534009302,0.44315686914797475,0.5317919075144508
anchors_all__logistic_regression__C1__k64,anchors_all,zero_shot__macro__sentence;zero_shot__individual__sentence;meta_prompting__macro__sentence;meta_prompting__individual__sentence,logistic_regression,1.0,64,1,1,0.5262167399208794,0.44785719911556277,0.4965986394557823
anchors_all__logistic_regression__C1__k64,anchors_all,zero_shot__macro__sentence;zero_shot__individual__sentence;meta_prompting__macro__sentence;meta_prompting__individual__sentence,logistic_regression,1.0,64,1,2,0.583226156316185,0.5484667377922956,0.5823170731707317
anchors_all__logistic_regression__C1__k64,anchors_all,zero_shot__macro__sentence;zero_shot__individual__sentence;meta_prompting__macro__sentence;meta_prompting__individual__sentence,logistic_regression,1.0,64,1,3,0.6230256580051553,0.5279130152547874,0.6056338028169014
anchors_all__logistic_regression__C1__k64,anchors_all,zero_shot__macro__sentence;zero_shot__individual__sentence;meta_prompting__macro__sentence;meta_prompting__individual__sentence,logistic_regression,1.0,64,1,4,0.599981932458862,0.5255428232043164,0.5993589743589743
anchors_all__logistic_regression__C1__k64,anchors_all,zero_shot__macro__sentence;zero_shot__individual__sentence;meta_prompting__macro__sentence;meta_prompting__individual__sentence,logistic_regression,1.0,64,2,0,0.5547718117011003,0.4557898853046058,0.5212464589235127
anchors_all__logistic_regression__C1__k64,anchors_all,zero_shot__macro__sentence;zero_shot__individual__sentence;meta_prompting__macro__sentence;meta_prompting__individual__sentence,logistic_regression,1.0,64,2,1,0.5868044991838846,0.4951406757105007,0.5679012345679012
anchors_all__logistic_regression__C1__k64,anchors_all,zero_shot__macro__sentence;zero_shot__individual__sentence;meta_prompting__macro__sentence;meta_prompting__individual__sentence,logistic_regression,1.0,64,2,2,0.6153980319563311,0.46033639493691036,0.601823708206687
anchors_all__logistic_regression__C1__k64,anchors_all,zero_shot__macro__sentence;zero_shot__individual__sentence;meta_prompting__macro__sentence;meta_prompting__individual__sentence,logistic_regression,1.0,64,2,3,0.5623000744345136,0.5334437445843281,0.5632911392405063
anchors_all__logistic_regression__C1__k64,anchors_all,zero_shot__macro__sentence;zero_shot__individual__sentence;meta_prompting__macro__sentence;meta_prompting__individual__sentence,logistic_regression,1.0,64,2,4,0.5865913216398446,0.5254597827320068,0.5750798722044729
anchors_all__logistic_regression__C1__kall,anchors_all,zero_shot__macro__sentence;zero_shot__individual__sentence;meta_prompting__macro__sentence;meta_prompting__individual__sentence,logistic_regression,1.0,all,0,0,0.6382212301506065,0.5210901807268142,0.6163522012578616
anchors_all__logistic_regression__C1__kall,anchors_all,zero_shot__macro__sentence;zero_shot__individual__sentence;meta_prompting__macro__sentence;meta_prompting__individual__sentence,logistic_regression,1.0,all,0,1,0.5548822438668306,0.44776970693698853,0.5365853658536586
anchors_all__logistic_regression__C1__kall,anchors_all,zero_shot__macro__sentence;zero_shot__individual__sentence;meta_prompting__macro__sentence;meta_prompting__individual__sentence,logistic_regression,1.0,all,0,2,0.624616246848417,0.5360918073760462,0.6196319018404908
anchors_all__logistic_regression__C1__kall,anchors_all,zero_shot__macro__sentence;zero_shot__individual__sentence;meta_prompting__macro__sentence;meta_prompting__individual__sentence,logistic_regression,1.0,all,0,3,0.5127620242518285,0.4523010796449059,0.5
anchors_all__logistic_regression__C1__kall,anchors_all,zero_shot__macro__sentence;zero_shot__individual__sentence;meta_prompting__macro__sentence;meta_prompting__individual__sentence,logistic_regression,1.0,all,0,4,0.5610393150440363,0.4884515063250923,0.5627240143369175
anchors_all__logistic_regression__C1__kall,anchors_all,zero_shot__macro__sentence;zero_shot__individual__sentence;meta_prompting__macro__sentence;meta_prompting__individual__sentence,logistic_regression,1.0,all,1,0,0.556887669481367,0.43315668202764973,0.5433526011560693
anchors_all__logistic_regression__C1__kall,anchors_all,zero_shot__macro__sentence;zero_shot__individual__sentence;meta_prompting__macro__sentence;meta_prompting__individual__sentence,logistic_regression,1.0,all,1,1,0.543138460316123,0.4617064460405596,0.5170068027210885
anchors_all__logistic_regression__C1__kall,anchors_all,zero_shot__macro__sentence;zero_shot__individual__sentence;meta_prompting__macro__sentence;meta_prompting__individual__sentence,logistic_regression,1.0,all,1,2,0.5728066747429253,0.5424774739292801,0.573170731707317
anchors_all__logistic_regression__C1__kall,anchors_all,zero_shot__macro__sentence;zero_shot__individual__sentence;meta_prompting__macro__sentence;meta_prompting__individual__sentence,logistic_regression,1.0,all,1,3,0.6231620446472266,0.5202264831188141,0.6056338028169014
anchors_all__logistic_regression__C1__kall,anchors_all,zero_shot__macro__sentence;zero_shot__individual__sentence;meta_prompting__macro__sentence;meta_prompting__individual__sentence,logistic_regression,1.0,all,1,4,0.6082107570292555,0.5432958824479049,0.6089743589743589
anchors_all__logistic_regression__C1__kall,anchors_all,zero_shot__macro__sentence;zero_shot__individual__sentence;meta_prompting__macro__sentence;meta_prompting__individual__sentence,logistic_regression,1.0,all,2,0,0.5913974496885195,0.48797389957794485,0.56657223796034
anchors_all__logistic_regression__C1__kall,anchors_all,zero_shot__macro__sentence;zero_shot__individual__sentence;meta_prompting__macro__sentence;meta_prompting__individual__sentence,logistic_regression,1.0,all,2,1,0.5384790701065145,0.46497667855443414,0.5277777777777778
anchors_all__logistic_regression__C1__kall,anchors_all,zero_shot__macro__sentence;zero_shot__individual__sentence;meta_prompting__macro__sentence;meta_prompting__individual__sentence,logistic_regression,1.0,all,2,2,0.6076899977701483,0.4586988952636318,0.5957446808510638
anchors_all__logistic_regression__C1__kall,anchors_all,zero_shot__macro__sentence;zero_shot__individual__sentence;meta_prompting__macro__sentence;meta_prompting__individual__sentence,logistic_regression,1.0,all,2,3,0.5656745636985941,0.5240996399280393,0.5632911392405063
anchors_all__logistic_regression__C1__kall,anchors_all,zero_shot__macro__sentence;zero_shot__individual__sentence;meta_prompting__macro__sentence;meta_prompting__individual__sentence,logistic_regression,1.0,all,2,4,0.5752249910326382,0.5098778552032105,0.5718849840255591
anchors_all__linear_svm__C0.25__k64,anchors_all,zero_shot__macro__sentence;zero_shot__individual__sentence;meta_prompting__macro__sentence;meta_prompting__individual__sentence,linear_svm,0.25,64,0,0,0.6392180216025384,0.5270323589570106,0.6257861635220126
anchors_all__linear_svm__C0.25__k64,anchors_all,zero_shot__macro__sentence;zero_shot__individual__sentence;meta_prompting__macro__sentence;meta_prompting__individual__sentence,linear_svm,0.25,64,0,1,0.557260887389712,0.44909487441483503,0.5536585365853659
anchors_all__linear_svm__C0.25__k64,anchors_all,zero_shot__macro__sentence;zero_shot__individual__sentence;meta_prompting__macro__sentence;meta_prompting__individual__sentence,linear_svm,0.25,64,0,2,0.6237303539693113,0.5350158653903182,0.6226993865030674
anchors_all__linear_svm__C0.25__k64,anchors_all,zero_shot__macro__sentence;zero_shot__individual__sentence;meta_prompting__macro__sentence;meta_prompting__individual__sentence,linear_svm,0.25,64,0,3,0.5278419628792194,0.48830746530319014,0.5264900662251656
anchors_all__linear_svm__C0.25__k64,anchors_all,zero_shot__macro__sentence;zero_shot__individual__sentence;meta_prompting__macro__sentence;meta_prompting__individual__sentence,linear_svm,0.25,64,0,4,0.5216236877285918,0.44428893967482175,0.5232974910394266
anchors_all__linear_svm__C0.25__k64,anchors_all,zero_shot__macro__sentence;zero_shot__individual__sentence;meta_prompting__macro__sentence;meta_prompting__individual__sentence,linear_svm,0.25,64,1,0,0.5331863320033557,0.41916157010458777,0.5289017341040463
anchors_all__linear_svm__C0.25__k64,anchors_all,zero_shot__macro__sentence;zero_shot__individual__sentence;meta_prompting__macro__sentence;meta_prompting__individual__sentence,linear_svm,0.25,64,1,1,0.5467985899115541,0.4764282756464248,0.5306122448979592
anchors_all__linear_svm__C0.25__k64,anchors_all,zero_shot__macro__sentence;zero_shot__individual__sentence;meta_prompting__macro__sentence;meta_prompting__individual__sentence,linear_svm,0.25,64,1,2,0.5871546850247215,0.5625886435718753,0.5945121951219512
anchors_all__linear_svm__C0.25__k64,anchors_all,zero_shot__macro__sentence;zero_shot__individual__sentence;meta_prompting__macro__sentence;meta_prompting__individual__sentence,linear_svm,0.25,64,1,3,0.6278584698432115,0.5159575655485769,0.6225352112676056
anchors_all__linear_svm__C0.25__k64,anchors_all,zero_shot__macro__sentence;zero_shot__individual__sentence;meta_prompting__macro__sentence;meta_prompting__individual__sentence,linear_svm,0.25,64,1,4,0.6012606029229518,0.5297355182717877,0.6153846153846154
anchors_all__linear_svm__C0.25__k64,anchors_all,zero_shot__macro__sentence;zero_shot__individual__sentence;meta_prompting__macro__sentence;meta_prompting__individual__sentence,linear_svm,0.25,64,2,0,0.5827302692576684,0.4658759032978584,0.56657223796034
anchors_all__linear_svm__C0.25__k64,anchors_all,zero_shot__macro__sentence;zero_shot__individual__sentence;meta_prompting__macro__sentence;meta_prompting__individual__sentence,linear_svm,0.25,64,2,1,0.5866388436149979,0.4961028317192701,0.5802469135802469
anchors_all__linear_svm__C0.25__k64,anchors_all,zero_shot__macro__sentence;zero_shot__individual__sentence;meta_prompting__macro__sentence;meta_prompting__individual__sentence,linear_svm,0.25,64,2,2,0.6193541882286899,0.45265001502198676,0.6139817629179332
anchors_all__linear_svm__C0.25__k64,anchors_all,zero_shot__macro__sentence;zero_shot__individual__sentence;meta_prompting__macro__sentence;meta_prompting__individual__sentence,linear_svm,0.25,64,2,3,0.5663394705863904,0.5251814956449677,0.5759493670886076
anchors_all__linear_svm__C0.25__k64,anchors_all,zero_shot__macro__sentence;zero_shot__individual__sentence;meta_prompting__macro__sentence;meta_prompting__individual__sentence,linear_svm,0.25,64,2,4,0.5752238067883736,0.5153282638787721,0.5750798722044729
anchors_all__linear_svm__C0.25__kall,anchors_all,zero_shot__macro__sentence;zero_shot__individual__sentence;meta_prompting__macro__sentence;meta_prompting__individual__sentence,linear_svm,0.25,all,0,0,0.6273501918905456,0.4929609096413988,0.610062893081761
anchors_all__linear_svm__C0.25__kall,anchors_all,zero_shot__macro__sentence;zero_shot__individual__sentence;meta_prompting__macro__sentence;meta_prompting__individual__sentence,linear_svm,0.25,all,0,1,0.5540620989449575,0.4505174428329825,0.5487804878048781
anchors_all__linear_svm__C0.25__kall,anchors_all,zero_shot__macro__sentence;zero_shot__individual__sentence;meta_prompting__macro__sentence;meta_prompting__individual__sentence,linear_svm,0.25,all,0,2,0.611766687094378,0.5191177625961578,0.6134969325153374
anchors_all__linear_svm__C0.25__kall,anchors_all,zero_shot__macro__sentence;zero_shot__individual__sentence;meta_prompting__macro__sentence;meta_prompting__individual__sentence,linear_svm,0.25,all,0,3,0.5041569014638545,0.43258679687659873,0.5033112582781457
anchors_all__linear_svm__C0.25__kall,anchors_all,zero_shot__macro__sentence;zero_shot__individual__sentence;meta_prompting__macro__sentence;meta_prompting__individual__sentence,linear_svm,0.25,all,0,4,0.558298893322251,0.4821790733767399,0.5627240143369175
anchors_all__linear_svm__C0.25__kall,anchors_all,zero_shot__macro__sentence;zero_shot__individual__sentence;meta_prompting__macro__sentence;meta_prompting__individual__sentence,linear_svm,0.25,all,1,0,0.5489949453704891,0.41515992014531977,0.5433526011560693
anchors_all__linear_svm__C0.25__kall,anchors_all,zero_shot__macro__sentence;zero_shot__individual__sentence;meta_prompting__macro__sentence;meta_prompting__individual__sentence,linear_svm,0.25,all,1,1,0.5687531638350932,0.48826649904137037,0.5544217687074829
anchors_all__linear_svm__C0.25__kall,anchors_all,zero_shot__macro__sentence;zero_shot__individual__sentence;meta_prompting__macro__sentence;meta_prompting__individual__sentence,linear_svm,0.25,all,1,2,0.5607317397673984,0.516175820729569,0.5701219512195121
anchors_all__linear_svm__C0.25__kall,anchors_all,zero_shot__macro__sentence;zero_shot__individual__sentence;meta_prompting__macro__sentence;meta_prompting__individual__sentence,linear_svm,0.25,all,1,3,0.6190892250857704,0.49141511750937694,0.6084507042253521
anchors_all__linear_svm__C0.25__kall,anchors_all,zero_shot__macro__sentence;zero_shot__individual__sentence;meta_prompting__macro__sentence;meta_prompting__individual__sentence,linear_svm,0.25,all,1,4,0.5722070341285012,0.49464043879052166,0.5865384615384616
anchors_all__linear_svm__C0.25__kall,anchors_all,zero_shot__macro__sentence;zero_shot__individual__sentence;meta_prompting__macro__sentence;meta_prompting__individual__sentence,linear_svm,0.25,all,2,0,0.5854031247965662,0.47971848188857247,0.5750708215297451
anchors_all__linear_svm__C0.25__kall,anchors_all,zero_shot__macro__sentence;zero_shot__individual__sentence;meta_prompting__macro__sentence;meta_prompting__individual__sentence,linear_svm,0.25,all,2,1,0.5430497668908264,0.4701172790576764,0.5370370370370371
anchors_all__linear_svm__C0.25__kall,anchors_all,zero_shot__macro__sentence;zero_shot__individual__sentence;meta_prompting__macro__sentence;meta_prompting__individual__sentence,linear_svm,0.25,all,2,2,0.6145228139754286,0.45798378080333824,0.6109422492401215
anchors_all__linear_svm__C0.25__kall,anchors_all,zero_shot__macro__sentence;zero_shot__individual__sentence;meta_prompting__macro__sentence;meta_prompting__individual__sentence,linear_svm,0.25,all,2,3,0.5588698081103145,0.5180330780330781,0.5632911392405063
anchors_all__linear_svm__C0.25__kall,anchors_all,zero_shot__macro__sentence;zero_shot__individual__sentence;meta_prompting__macro__sentence;meta_prompting__individual__sentence,linear_svm,0.25,all,2,4,0.5775410329455289,0.5078401733838743,0.5782747603833865
anchors_all__linear_svm__C1__k64,anchors_all,zero_shot__macro__sentence;zero_shot__individual__sentence;meta_prompting__macro__sentence;meta_prompting__individual__sentence,linear_svm,1.0,64,0,0,0.6587651867888321,0.5524608641376736,0.6477987421383647
anchors_all__linear_svm__C1__k64,anchors_all,zero_shot__macro__sentence;zero_shot__individual__sentence;meta_prompting__macro__sentence;meta_prompting__individual__sentence,linear_svm,1.0,64,0,1,0.5429988965473554,0.4383080645308005,0.5390243902439025
anchors_all__linear_svm__C1__k64,anchors_all,zero_shot__macro__sentence;zero_shot__individual__sentence;meta_prompting__macro__sentence;meta_prompting__individual__sentence,linear_svm,1.0,64,0,2,0.6217937297377175,0.5301780387415951,0.6196319018404908
anchors_all__linear_svm__C1__k64,anchors_all,zero_shot__macro__sentence;zero_shot__individual__sentence;meta_prompting__macro__sentence;meta_prompting__individual__sentence,linear_svm,1.0,64,0,3,0.531487957439466,0.4928982579014672,0.5298013245033113
anchors_all__linear_svm__C1__k64,anchors_all,zero_shot__macro__sentence;zero_shot__individual__sentence;meta_prompting__macro__sentence;meta_prompting__individual__sentence,linear_svm,1.0,64,0,4,0.5153584590881043,0.43358149932015616,0.5197132616487455
anchors_all__linear_svm__C1__k64,anchors_all,zero_shot__macro__sentence;zero_shot__individual__sentence;meta_prompting__macro__sentence;meta_prompting__individual__sentence,linear_svm,1.0,64,1,0,0.5184317633059428,0.40522575382008724,0.5144508670520231
anchors_all__linear_svm__C1__k64,anchors_all,zero_shot__macro__sentence;zero_shot__individual__sentence;meta_prompting__macro__sentence;meta_prompting__individual__sentence,linear_svm,1.0,64,1,1,0.5251456123419338,0.4507539104892742,0.5068027210884354
anchors_all__linear_svm__C1__k64,anchors_all,zero_shot__macro__sentence;zero_shot__individual__sentence;meta_prompting__macro__sentence;meta_prompting__individual__sentence,linear_svm,1.0,64,1,2,0.5769458628298114,0.5529586769253597,0.5853658536585366
anchors_all__linear_svm__C1__k64,anchors_all,zero_shot__macro__sentence;zero_shot__individual__sentence;meta_prompting__macro__sentence;meta_prompting__individual__sentence,linear_svm,1.0,64,1,3,0.6198424474077354,0.5160016819656155,0.6140845070422535
anchors_all__linear_svm__C1__k64,anchors_all,zero_shot__macro__sentence;zero_shot__individual__sentence;meta_prompting__macro__sentence;meta_prompting__individual__sentence,linear_svm,1.0,64,1,4,0.6056794587491867,0.5326442514502149,0.6185897435897436
anchors_all__linear_svm__C1__k64,anchors_all,zero_shot__macro__sentence;zero_shot__individual__sentence;meta_prompting__macro__sentence;meta_prompting__individual__sentence,linear_svm,1.0,64,2,0,0.5818704943560712,0.46441573418216364,0.56657223796034
anchors_all__linear_svm__C1__k64,anchors_all,zero_shot__macro__sentence;zero_shot__individual__sentence;meta_prompting__macro__sentence;meta_prompting__individual__sentence,linear_svm,1.0,64,2,1,0.5916888530035902,0.5101958048689218,0.5864197530864198
anchors_all__linear_svm__C1__k64,anchors_all,zero_shot__macro__sentence;zero_shot__individual__sentence;meta_prompting__macro__sentence;meta_prompting__individual__sentence,linear_svm,1.0,64,2,2,0.6198597111182231,0.44989657923845333,0.6139817629179332
anchors_all__linear_svm__C1__k64,anchors_all,zero_shot__macro__sentence;zero_shot__individual__sentence;meta_prompting__macro__sentence;meta_prompting__individual__sentence,linear_svm,1.0,64,2,3,0.5481248200151249,0.5045210906169055,0.5569620253164557
anchors_all__linear_svm__C1__k64,anchors_all,zero_shot__macro__sentence;zero_shot__individual__sentence;meta_prompting__macro__sentence;meta_prompting__individual__sentence,linear_svm,1.0,64,2,4,0.5663839470625099,0.5070796467826888,0.5654952076677316
anchors_all__linear_svm__C1__kall,anchors_all,zero_shot__macro__sentence;zero_shot__individual__sentence;meta_prompting__macro__sentence;meta_prompting__individual__sentence,linear_svm,1.0,all,0,0,0.6299951709159731,0.49250362522459123,0.6132075471698113
anchors_all__linear_svm__C1__kall,anchors_all,zero_shot__macro__sentence;zero_shot__individual__sentence;meta_prompting__macro__sentence;meta_prompting__individual__sentence,linear_svm,1.0,all,0,1,0.5512299493220069,0.4418735078552607,0.5439024390243903
anchors_all__linear_svm__C1__kall,anchors_all,zero_shot__macro__sentence;zero_shot__individual__sentence;meta_prompting__macro__sentence;meta_prompting__individual__sentence,linear_svm,1.0,all,0,2,0.6194466130543677,0.5234822597255653,0.6196319018404908
anchors_all__linear_svm__C1__kall,anchors_all,zero_shot__macro__sentence;zero_shot__individual__sentence;meta_prompting__macro__sentence;meta_prompting__individual__sentence,linear_svm,1.0,all,0,3,0.49865268529558854,0.4304325001319337,0.4966887417218543
anchors_all__linear_svm__C1__kall,anchors_all,zero_shot__macro__sentence;zero_shot__individual__sentence;meta_prompting__macro__sentence;meta_prompting__individual__sentence,linear_svm,1.0,all,0,4,0.5543546124960412,0.4819950911640954,0.5591397849462365
anchors_all__linear_svm__C1__kall,anchors_all,zero_shot__macro__sentence;zero_shot__individual__sentence;meta_prompting__macro__sentence;meta_prompting__individual__sentence,linear_svm,1.0,all,1,0,0.5445756200422863,0.4127657514618751,0.5404624277456648
anchors_all__linear_svm__C1__kall,anchors_all,zero_shot__macro__sentence;zero_shot__individual__sentence;meta_prompting__macro__sentence;meta_prompting__individual__sentence,linear_svm,1.0,all,1,1,0.5557350718065004,0.47722222222222216,0.5408163265306123
anchors_all__linear_svm__C1__kall,anchors_all,zero_shot__macro__sentence;zero_shot__individual__sentence;meta_prompting__macro__sentence;meta_prompting__individual__sentence,linear_svm,1.0,all,1,2,0.572274495710682,0.5352302146688303,0.5823170731707317
anchors_all__linear_svm__C1__kall,anchors_all,zero_shot__macro__sentence;zero_shot__individual__sentence;meta_prompting__macro__sentence;meta_prompting__individual__sentence,linear_svm,1.0,all,1,3,0.6096265367681536,0.48683668605103775,0.6
anchors_all__linear_svm__C1__kall,anchors_all,zero_shot__macro__sentence;zero_shot__individual__sentence;meta_prompting__macro__sentence;meta_prompting__individual__sentence,linear_svm,1.0,all,1,4,0.5674036415638168,0.48730661040787626,0.5769230769230769
anchors_all__linear_svm__C1__kall,anchors_all,zero_shot__macro__sentence;zero_shot__individual__sentence;meta_prompting__macro__sentence;meta_prompting__individual__sentence,linear_svm,1.0,all,2,0,0.5721272848545081,0.4675646731765274,0.5609065155807366
anchors_all__linear_svm__C1__kall,anchors_all,zero_shot__macro__sentence;zero_shot__individual__sentence;meta_prompting__macro__sentence;meta_prompting__individual__sentence,linear_svm,1.0,all,2,1,0.5400826702665222,0.4717686907206863,0.5339506172839507
anchors_all__linear_svm__C1__kall,anchors_all,zero_shot__macro__sentence;zero_shot__individual__sentence;meta_prompting__macro__sentence;meta_prompting__individual__sentence,linear_svm,1.0,all,2,2,0.6116596041529065,0.4503909122223979,0.6048632218844985
anchors_all__linear_svm__C1__kall,anchors_all,zero_shot__macro__sentence;zero_shot__individual__sentence;meta_prompting__macro__sentence;meta_prompting__individual__sentence,linear_svm,1.0,all,2,3,0.5499351336376225,0.5075205255168798,0.5537974683544303
anchors_all__linear_svm__C1__kall,anchors_all,zero_shot__macro__sentence;zero_shot__individual__sentence;meta_prompting__macro__sentence;meta_prompting__individual__sentence,linear_svm,1.0,all,2,4,0.5619913171856488,0.49349983660779895,0.5623003194888179
early_fusion_all__logistic_regression__C0.25__k64,early_fusion_all,post_embedding;zero_shot__macro__sentence;zero_shot__individual__sentence;meta_prompting__macro__sentence;meta_prompting__individual__sentence,logistic_regression,0.25,64,0,0,0.6276104236573589,0.5229252987961917,0.6069182389937107
early_fusion_all__logistic_regression__C0.25__k64,early_fusion_all,post_embedding;zero_shot__macro__sentence;zero_shot__individual__sentence;meta_prompting__macro__sentence;meta_prompting__individual__sentence,logistic_regression,0.25,64,0,1,0.5889820183351466,0.4969925519614961,0.5780487804878048
early_fusion_all__logistic_regression__C0.25__k64,early_fusion_all,post_embedding;zero_shot__macro__sentence;zero_shot__individual__sentence;meta_prompting__macro__sentence;meta_prompting__individual__sentence,logistic_regression,0.25,64,0,2,0.6362375279998914,0.5255933434652814,0.6257668711656442
early_fusion_all__logistic_regression__C0.25__k64,early_fusion_all,post_embedding;zero_shot__macro__sentence;zero_shot__individual__sentence;meta_prompting__macro__sentence;meta_prompting__individual__sentence,logistic_regression,0.25,64,0,3,0.5396840727035339,0.4953003416476614,0.5331125827814569
early_fusion_all__logistic_regression__C0.25__k64,early_fusion_all,post_embedding;zero_shot__macro__sentence;zero_shot__individual__sentence;meta_prompting__macro__sentence;meta_prompting__individual__sentence,logistic_regression,0.25,64,0,4,0.603602760520663,0.5216824644549762,0.5985663082437276
early_fusion_all__logistic_regression__C0.25__k64,early_fusion_all,post_embedding;zero_shot__macro__sentence;zero_shot__individual__sentence;meta_prompting__macro__sentence;meta_prompting__individual__sentence,logistic_regression,0.25,64,1,0,0.5291343068208115,0.4220669052807254,0.5260115606936416
early_fusion_all__logistic_regression__C0.25__k64,early_fusion_all,post_embedding;zero_shot__macro__sentence;zero_shot__individual__sentence;meta_prompting__macro__sentence;meta_prompting__individual__sentence,logistic_regression,0.25,64,1,1,0.611744025689604,0.5046388796388797,0.5782312925170068
early_fusion_all__logistic_regression__C0.25__k64,early_fusion_all,post_embedding;zero_shot__macro__sentence;zero_shot__individual__sentence;meta_prompting__macro__sentence;meta_prompting__individual__sentence,logistic_regression,0.25,64,1,2,0.6471225300913156,0.6110289868753103,0.6432926829268293
early_fusion_all__logistic_regression__C0.25__k64,early_fusion_all,post_embedding;zero_shot__macro__sentence;zero_shot__individual__sentence;meta_prompting__macro__sentence;meta_prompting__individual__sentence,logistic_regression,0.25,64,1,3,0.628128498208352,0.5439833610534031,0.6112676056338028
early_fusion_all__logistic_regression__C0.25__k64,early_fusion_all,post_embedding;zero_shot__macro__sentence;zero_shot__individual__sentence;meta_prompting__macro__sentence;meta_prompting__individual__sentence,logistic_regression,0.25,64,1,4,0.6042481990404546,0.5258219638519243,0.6089743589743589
early_fusion_all__logistic_regression__C0.25__k64,early_fusion_all,post_embedding;zero_shot__macro__sentence;zero_shot__individual__sentence;meta_prompting__macro__sentence;meta_prompting__individual__sentence,logistic_regression,0.25,64,2,0,0.581429747986962,0.4627035474903162,0.5524079320113314
early_fusion_all__logistic_regression__C0.25__k64,early_fusion_all,post_embedding;zero_shot__macro__sentence;zero_shot__individual__sentence;meta_prompting__macro__sentence;meta_prompting__individual__sentence,logistic_regression,0.25,64,2,1,0.6005020235913899,0.5096902867357982,0.5895061728395061
early_fusion_all__logistic_regression__C0.25__k64,early_fusion_all,post_embedding;zero_shot__macro__sentence;zero_shot__individual__sentence;meta_prompting__macro__sentence;meta_prompting__individual__sentence,logistic_regression,0.25,64,2,2,0.6446339801605312,0.514181570063923,0.6231003039513677
early_fusion_all__logistic_regression__C0.25__k64,early_fusion_all,post_embedding;zero_shot__macro__sentence;zero_shot__individual__sentence;meta_prompting__macro__sentence;meta_prompting__individual__sentence,logistic_regression,0.25,64,2,3,0.5830778852639296,0.537979877235267,0.5854430379746836
early_fusion_all__logistic_regression__C0.25__k64,early_fusion_all,post_embedding;zero_shot__macro__sentence;zero_shot__individual__sentence;meta_prompting__macro__sentence;meta_prompting__individual__sentence,logistic_regression,0.25,64,2,4,0.6066707474415863,0.5397792832985292,0.5942492012779552
early_fusion_all__logistic_regression__C0.25__k128,early_fusion_all,post_embedding;zero_shot__macro__sentence;zero_shot__individual__sentence;meta_prompting__macro__sentence;meta_prompting__individual__sentence,logistic_regression,0.25,128,0,0,0.6288825044518084,0.5335353312299251,0.6194968553459119
early_fusion_all__logistic_regression__C0.25__k128,early_fusion_all,post_embedding;zero_shot__macro__sentence;zero_shot__individual__sentence;meta_prompting__macro__sentence;meta_prompting__individual__sentence,logistic_regression,0.25,128,0,1,0.5901876696080358,0.4806679048401832,0.5780487804878048
early_fusion_all__logistic_regression__C0.25__k128,early_fusion_all,post_embedding;zero_shot__macro__sentence;zero_shot__individual__sentence;meta_prompting__macro__sentence;meta_prompting__individual__sentence,logistic_regression,0.25,128,0,2,0.6176010662359904,0.5187505839006199,0.6073619631901841
early_fusion_all__logistic_regression__C0.25__k128,early_fusion_all,post_embedding;zero_shot__macro__sentence;zero_shot__individual__sentence;meta_prompting__macro__sentence;meta_prompting__individual__sentence,logistic_regression,0.25,128,0,3,0.5930534239937308,0.5483351497876147,0.5927152317880795
early_fusion_all__logistic_regression__C0.25__k128,early_fusion_all,post_embedding;zero_shot__macro__sentence;zero_shot__individual__sentence;meta_prompting__macro__sentence;meta_prompting__individual__sentence,logistic_regression,0.25,128,0,4,0.6334928653445474,0.5585403751426684,0.6164874551971327
early_fusion_all__logistic_regression__C0.25__k128,early_fusion_all,post_embedding;zero_shot__macro__sentence;zero_shot__individual__sentence;meta_prompting__macro__sentence;meta_prompting__individual__sentence,logistic_regression,0.25,128,1,0,0.5849996251322026,0.47381937986228057,0.5664739884393064
early_fusion_all__logistic_regression__C0.25__k128,early_fusion_all,post_embedding;zero_shot__macro__sentence;zero_shot__individual__sentence;meta_prompting__macro__sentence;meta_prompting__individual__sentence,logistic_regression,0.25,128,1,1,0.6216753748741704,0.5121752216271492,0.608843537414966
early_fusion_all__logistic_regression__C0.25__k128,early_fusion_all,post_embedding;zero_shot__macro__sentence;zero_shot__individual__sentence;meta_prompting__macro__sentence;meta_prompting__individual__sentence,logistic_regression,0.25,128,1,2,0.6365897806340981,0.5982214152960155,0.6341463414634146
early_fusion_all__logistic_regression__C0.25__k128,early_fusion_all,post_embedding;zero_shot__macro__sentence;zero_shot__individual__sentence;meta_prompting__macro__sentence;meta_prompting__individual__sentence,logistic_regression,0.25,128,1,3,0.6007481749765582,0.5303054907789484,0.5943661971830986
early_fusion_all__logistic_regression__C0.25__k128,early_fusion_all,post_embedding;zero_shot__macro__sentence;zero_shot__individual__sentence;meta_prompting__macro__sentence;meta_prompting__individual__sentence,logistic_regression,0.25,128,1,4,0.6451235120191164,0.5751926644783787,0.6442307692307693
early_fusion_all__logistic_regression__C0.25__k128,early_fusion_all,post_embedding;zero_shot__macro__sentence;zero_shot__individual__sentence;meta_prompting__macro__sentence;meta_prompting__individual__sentence,logistic_regression,0.25,128,2,0,0.6137131847268105,0.5165633480080984,0.6005665722379604
early_fusion_all__logistic_regression__C0.25__k128,early_fusion_all,post_embedding;zero_shot__macro__sentence;zero_shot__individual__sentence;meta_prompting__macro__sentence;meta_prompting__individual__sentence,logistic_regression,0.25,128,2,1,0.6031366531482214,0.5415164888503077,0.5987654320987654
early_fusion_all__logistic_regression__C0.25__k128,early_fusion_all,post_embedding;zero_shot__macro__sentence;zero_shot__individual__sentence;meta_prompting__macro__sentence;meta_prompting__individual__sentence,logistic_regression,0.25,128,2,2,0.6562953722620217,0.5215499383032955,0.6474164133738601
early_fusion_all__logistic_regression__C0.25__k128,early_fusion_all,post_embedding;zero_shot__macro__sentence;zero_shot__individual__sentence;meta_prompting__macro__sentence;meta_prompting__individual__sentence,logistic_regression,0.25,128,2,3,0.6029472922463731,0.5504814685913402,0.5981012658227848
early_fusion_all__logistic_regression__C0.25__k128,early_fusion_all,post_embedding;zero_shot__macro__sentence;zero_shot__individual__sentence;meta_prompting__macro__sentence;meta_prompting__individual__sentence,logistic_regression,0.25,128,2,4,0.6097099169852264,0.548412400409864,0.6006389776357828
early_fusion_all__logistic_regression__C1__k64,early_fusion_all,post_embedding;zero_shot__macro__sentence;zero_shot__individual__sentence;meta_prompting__macro__sentence;meta_prompting__individual__sentence,logistic_regression,1.0,64,0,0,0.6309172364635168,0.5293548149310658,0.610062893081761
early_fusion_all__logistic_regression__C1__k64,early_fusion_all,post_embedding;zero_shot__macro__sentence;zero_shot__individual__sentence;meta_prompting__macro__sentence;meta_prompting__individual__sentence,logistic_regression,1.0,64,0,1,0.5771204536934446,0.4867926175401895,0.5658536585365853
early_fusion_all__logistic_regression__C1__k64,early_fusion_all,post_embedding;zero_shot__macro__sentence;zero_shot__individual__sentence;meta_prompting__macro__sentence;meta_prompting__individual__sentence,logistic_regression,1.0,64,0,2,0.6174854266749157,0.5176817999196465,0.6104294478527608
early_fusion_all__logistic_regression__C1__k64,early_fusion_all,post_embedding;zero_shot__macro__sentence;zero_shot__individual__sentence;meta_prompting__macro__sentence;meta_prompting__individual__sentence,logistic_regression,1.0,64,0,3,0.526499306773941,0.47919888712742553,0.5165562913907285
early_fusion_all__logistic_regression__C1__k64,early_fusion_all,post_embedding;zero_shot__macro__sentence;zero_shot__individual__sentence;meta_prompting__macro__sentence;meta_prompting__individual__sentence,logistic_regression,1.0,64,0,4,0.5616456324368769,0.49661937964331715,0.5591397849462365
early_fusion_all__logistic_regression__C1__k64,early_fusion_all,post_embedding;zero_shot__macro__sentence;zero_shot__individual__sentence;meta_prompting__macro__sentence;meta_prompting__individual__sentence,logistic_regression,1.0,64,1,0,0.5420864308457484,0.4342777745854651,0.5375722543352601
early_fusion_all__logistic_regression__C1__k64,early_fusion_all,post_embedding;zero_shot__macro__sentence;zero_shot__individual__sentence;meta_prompting__macro__sentence;meta_prompting__individual__sentence,logistic_regression,1.0,64,1,1,0.6084366293401813,0.5063029340592862,0.5816326530612245
early_fusion_all__logistic_regression__C1__k64,early_fusion_all,post_embedding;zero_shot__macro__sentence;zero_shot__individual__sentence;meta_prompting__macro__sentence;meta_prompting__individual__sentence,logistic_regression,1.0,64,1,2,0.6209912537673427,0.5871071060561619,0.6158536585365854
early_fusion_all__logistic_regression__C1__k64,early_fusion_all,post_embedding;zero_shot__macro__sentence;zero_shot__individual__sentence;meta_prompting__macro__sentence;meta_prompting__individual__sentence,logistic_regression,1.0,64,1,3,0.6141711632694367,0.5332462805652638,0.5971830985915493
early_fusion_all__logistic_regression__C1__k64,early_fusion_all,post_embedding;zero_shot__macro__sentence;zero_shot__individual__sentence;meta_prompting__macro__sentence;meta_prompting__individual__sentence,logistic_regression,1.0,64,1,4,0.5949459659890397,0.5194654311323101,0.5993589743589743
early_fusion_all__logistic_regression__C1__k64,early_fusion_all,post_embedding;zero_shot__macro__sentence;zero_shot__individual__sentence;meta_prompting__macro__sentence;meta_prompting__individual__sentence,logistic_regression,1.0,64,2,0,0.5882162936884056,0.47780942221782907,0.5637393767705382
early_fusion_all__logistic_regression__C1__k64,early_fusion_all,post_embedding;zero_shot__macro__sentence;zero_shot__individual__sentence;meta_prompting__macro__sentence;meta_prompting__individual__sentence,logistic_regression,1.0,64,2,1,0.586954602168124,0.4939739503577207,0.5740740740740741
early_fusion_all__logistic_regression__C1__k64,early_fusion_all,post_embedding;zero_shot__macro__sentence;zero_shot__individual__sentence;meta_prompting__macro__sentence;meta_prompting__individual__sentence,logistic_regression,1.0,64,2,2,0.6677036840440531,0.5359105208144888,0.6504559270516718
early_fusion_all__logistic_regression__C1__k64,early_fusion_all,post_embedding;zero_shot__macro__sentence;zero_shot__individual__sentence;meta_prompting__macro__sentence;meta_prompting__individual__sentence,logistic_regression,1.0,64,2,3,0.5900313340624864,0.5435490504601102,0.5917721518987342
early_fusion_all__logistic_regression__C1__k64,early_fusion_all,post_embedding;zero_shot__macro__sentence;zero_shot__individual__sentence;meta_prompting__macro__sentence;meta_prompting__individual__sentence,logistic_regression,1.0,64,2,4,0.5876829143229464,0.5261633415925608,0.5782747603833865
early_fusion_all__logistic_regression__C1__k128,early_fusion_all,post_embedding;zero_shot__macro__sentence;zero_shot__individual__sentence;meta_prompting__macro__sentence;meta_prompting__individual__sentence,logistic_regression,1.0,128,0,0,0.6150441974956409,0.5240268589462315,0.6037735849056604
early_fusion_all__logistic_regression__C1__k128,early_fusion_all,post_embedding;zero_shot__macro__sentence;zero_shot__individual__sentence;meta_prompting__macro__sentence;meta_prompting__individual__sentence,logistic_regression,1.0,128,0,1,0.585659756648328,0.4766029098346889,0.573170731707317
early_fusion_all__logistic_regression__C1__k128,early_fusion_all,post_embedding;zero_shot__macro__sentence;zero_shot__individual__sentence;meta_prompting__macro__sentence;meta_prompting__individual__sentence,logistic_regression,1.0,128,0,2,0.6107552408714138,0.5111573551999083,0.6012269938650306
early_fusion_all__logistic_regression__C1__k128,early_fusion_all,post_embedding;zero_shot__macro__sentence;zero_shot__individual__sentence;meta_prompting__macro__sentence;meta_prompting__individual__sentence,logistic_regression,1.0,128,0,3,0.581918339729577,0.5364343919910387,0.5827814569536424
early_fusion_all__logistic_regression__C1__k128,early_fusion_all,post_embedding;zero_shot__macro__sentence;zero_shot__individual__sentence;meta_prompting__macro__sentence;meta_prompting__individual__sentence,logistic_regression,1.0,128,0,4,0.6265098036203262,0.5579652304384657,0.6129032258064516
early_fusion_all__logistic_regression__C1__k128,early_fusion_all,post_embedding;zero_shot__macro__sentence;zero_shot__individual__sentence;meta_prompting__macro__sentence;meta_prompting__individual__sentence,logistic_regression,1.0,128,1,0,0.583217689901845,0.47184172114288836,0.5635838150289018
early_fusion_all__logistic_regression__C1__k128,early_fusion_all,post_embedding;zero_shot__macro__sentence;zero_shot__individual__sentence;meta_prompting__macro__sentence;meta_prompting__individual__sentence,logistic_regression,1.0,128,1,1,0.6127322496843861,0.5057832864957383,0.5986394557823129
early_fusion_all__logistic_regression__C1__k128,early_fusion_all,post_embedding;zero_shot__macro__sentence;zero_shot__individual__sentence;meta_prompting__macro__sentence;meta_prompting__individual__sentence,logistic_regression,1.0,128,1,2,0.6299242881822786,0.5962459924376998,0.6280487804878049
early_fusion_all__logistic_regression__C1__k128,early_fusion_all,post_embedding;zero_shot__macro__sentence;zero_shot__individual__sentence;meta_prompting__macro__sentence;meta_prompting__individual__sentence,logistic_regression,1.0,128,1,3,0.6085565243311722,0.5231977513227514,0.6028169014084507
early_fusion_all__logistic_regression__C1__k128,early_fusion_all,post_embedding;zero_shot__macro__sentence;zero_shot__individual__sentence;meta_prompting__macro__sentence;meta_prompting__individual__sentence,logistic_regression,1.0,128,1,4,0.6183229520373994,0.5386437741324284,0.6185897435897436
early_fusion_all__logistic_regression__C1__k128,early_fusion_all,post_embedding;zero_shot__macro__sentence;zero_shot__individual__sentence;meta_prompting__macro__sentence;meta_prompting__individual__sentence,logistic_regression,1.0,128,2,0,0.6010381738812336,0.5045957517319356,0.5835694050991501
early_fusion_all__logistic_regression__C1__k128,early_fusion_all,post_embedding;zero_shot__macro__sentence;zero_shot__individual__sentence;meta_prompting__macro__sentence;meta_prompting__individual__sentence,logistic_regression,1.0,128,2,1,0.584177501196123,0.5291774615060487,0.5802469135802469
early_fusion_all__logistic_regression__C1__k128,early_fusion_all,post_embedding;zero_shot__macro__sentence;zero_shot__individual__sentence;meta_prompting__macro__sentence;meta_prompting__individual__sentence,logistic_regression,1.0,128,2,2,0.6564334286110859,0.5242408409430659,0.6474164133738601
early_fusion_all__logistic_regression__C1__k128,early_fusion_all,post_embedding;zero_shot__macro__sentence;zero_shot__individual__sentence;meta_prompting__macro__sentence;meta_prompting__individual__sentence,logistic_regression,1.0,128,2,3,0.6028358745004994,0.551619792646368,0.5981012658227848
early_fusion_all__logistic_regression__C1__k128,early_fusion_all,post_embedding;zero_shot__macro__sentence;zero_shot__individual__sentence;meta_prompting__macro__sentence;meta_prompting__individual__sentence,logistic_regression,1.0,128,2,4,0.6057971686675853,0.5479469353035866,0.6006389776357828
early_fusion_all__linear_svm__C0.25__k64,early_fusion_all,post_embedding;zero_shot__macro__sentence;zero_shot__individual__sentence;meta_prompting__macro__sentence;meta_prompting__individual__sentence,linear_svm,0.25,64,0,0,0.6237886245757893,0.5256918770040595,0.6132075471698113
early_fusion_all__linear_svm__C0.25__k64,early_fusion_all,post_embedding;zero_shot__macro__sentence;zero_shot__individual__sentence;meta_prompting__macro__sentence;meta_prompting__individual__sentence,linear_svm,0.25,64,0,1,0.5824988049247045,0.4838466466269157,0.5804878048780487
early_fusion_all__linear_svm__C0.25__k64,early_fusion_all,post_embedding;zero_shot__macro__sentence;zero_shot__individual__sentence;meta_prompting__macro__sentence;meta_prompting__individual__sentence,linear_svm,0.25,64,0,2,0.6234772208842512,0.530261626275591,0.6257668711656442
early_fusion_all__linear_svm__C0.25__k64,early_fusion_all,post_embedding;zero_shot__macro__sentence;zero_shot__individual__sentence;meta_prompting__macro__sentence;meta_prompting__individual__sentence,linear_svm,0.25,64,0,3,0.5405517603969622,0.4920954143306298,0.5397350993377483
early_fusion_all__linear_svm__C0.25__k64,early_fusion_all,post_embedding;zero_shot__macro__sentence;zero_shot__individual__sentence;meta_prompting__macro__sentence;meta_prompting__individual__sentence,linear_svm,0.25,64,0,4,0.5672303874464124,0.48056699369388745,0.5734767025089605
early_fusion_all__linear_svm__C0.25__k64,early_fusion_all,post_embedding;zero_shot__macro__sentence;zero_shot__individual__sentence;meta_prompting__macro__sentence;meta_prompting__individual__sentence,linear_svm,0.25,64,1,0,0.5666149915848262,0.46346760486795086,0.5722543352601156
early_fusion_all__linear_svm__C0.25__k64,early_fusion_all,post_embedding;zero_shot__macro__sentence;zero_shot__individual__sentence;meta_prompting__macro__sentence;meta_prompting__individual__sentence,linear_svm,0.25,64,1,1,0.633278145150807,0.5293519212756962,0.6156462585034014
early_fusion_all__linear_svm__C0.25__k64,early_fusion_all,post_embedding;zero_shot__macro__sentence;zero_shot__individual__sentence;meta_prompting__macro__sentence;meta_prompting__individual__sentence,linear_svm,0.25,64,1,2,0.613567601163394,0.571970128864316,0.6158536585365854
early_fusion_all__linear_svm__C0.25__k64,early_fusion_all,post_embedding;zero_shot__macro__sentence;zero_shot__individual__sentence;meta_prompting__macro__sentence;meta_prompting__individual__sentence,linear_svm,0.25,64,1,3,0.6259694211786517,0.5551926419504086,0.6225352112676056
early_fusion_all__linear_svm__C0.25__k64,early_fusion_all,post_embedding;zero_shot__macro__sentence;zero_shot__individual__sentence;meta_prompting__macro__sentence;meta_prompting__individual__sentence,linear_svm,0.25,64,1,4,0.5949393786709871,0.5210531302957491,0.6121794871794872
early_fusion_all__linear_svm__C0.25__k64,early_fusion_all,post_embedding;zero_shot__macro__sentence;zero_shot__individual__sentence;meta_prompting__macro__sentence;meta_prompting__individual__sentence,linear_svm,0.25,64,2,0,0.6149507381397725,0.4822594130196621,0.5977337110481586
early_fusion_all__linear_svm__C0.25__k64,early_fusion_all,post_embedding;zero_shot__macro__sentence;zero_shot__individual__sentence;meta_prompting__macro__sentence;meta_prompting__individual__sentence,linear_svm,0.25,64,2,1,0.592582534807581,0.4883849855902156,0.5925925925925926
early_fusion_all__linear_svm__C0.25__k64,early_fusion_all,post_embedding;zero_shot__macro__sentence;zero_shot__individual__sentence;meta_prompting__macro__sentence;meta_prompting__individual__sentence,linear_svm,0.25,64,2,2,0.663470897395792,0.5173768338564972,0.6565349544072948
early_fusion_all__linear_svm__C0.25__k64,early_fusion_all,post_embedding;zero_shot__macro__sentence;zero_shot__individual__sentence;meta_prompting__macro__sentence;meta_prompting__individual__sentence,linear_svm,0.25,64,2,3,0.5910829086498883,0.5418266004318311,0.5949367088607594
early_fusion_all__linear_svm__C0.25__k64,early_fusion_all,post_embedding;zero_shot__macro__sentence;zero_shot__individual__sentence;meta_prompting__macro__sentence;meta_prompting__individual__sentence,linear_svm,0.25,64,2,4,0.6057516581763629,0.5489792247738706,0.6070287539936102
early_fusion_all__linear_svm__C0.25__k128,early_fusion_all,post_embedding;zero_shot__macro__sentence;zero_shot__individual__sentence;meta_prompting__macro__sentence;meta_prompting__individual__sentence,linear_svm,0.25,128,0,0,0.6128667257807182,0.4727603203071927,0.6037735849056604
early_fusion_all__linear_svm__C0.25__k128,early_fusion_all,post_embedding;zero_shot__macro__sentence;zero_shot__individual__sentence;meta_prompting__macro__sentence;meta_prompting__individual__sentence,linear_svm,0.25,128,0,1,0.5850555641129684,0.47369995266695025,0.5853658536585366
early_fusion_all__linear_svm__C0.25__k128,early_fusion_all,post_embedding;zero_shot__macro__sentence;zero_shot__individual__sentence;meta_prompting__macro__sentence;meta_prompting__individual__sentence,linear_svm,0.25,128,0,2,0.6223404610404752,0.5117621525220325,0.6165644171779141
early_fusion_all__linear_svm__C0.25__k128,early_fusion_all,post_embedding;zero_shot__macro__sentence;zero_shot__individual__sentence;meta_prompting__macro__sentence;meta_prompting__individual__sentence,linear_svm,0.25,128,0,3,0.5755771899000749,0.5318649092713184,0.5794701986754967
early_fusion_all__linear_svm__C0.25__k128,early_fusion_all,post_embedding;zero_shot__macro__sentence;zero_shot__individual__sentence;meta_prompting__macro__sentence;meta_prompting__individual__sentence,linear_svm,0.25,128,0,4,0.6079571319101141,0.5335925413704737,0.6057347670250897
early_fusion_all__linear_svm__C0.25__k128,early_fusion_all,post_embedding;zero_shot__macro__sentence;zero_shot__individual__sentence;meta_prompting__macro__sentence;meta_prompting__individual__sentence,linear_svm,0.25,128,1,0,0.577549072251059,0.4642481057216156,0.5664739884393064
early_fusion_all__linear_svm__C0.25__k128,early_fusion_all,post_embedding;zero_shot__macro__sentence;zero_shot__individual__sentence;meta_prompting__macro__sentence;meta_prompting__individual__sentence,linear_svm,0.25,128,1,1,0.6278061335514752,0.5122021477999739,0.6224489795918368
early_fusion_all__linear_svm__C0.25__k128,early_fusion_all,post_embedding;zero_shot__macro__sentence;zero_shot__individual__sentence;meta_prompting__macro__sentence;meta_prompting__individual__sentence,linear_svm,0.25,128,1,2,0.648745377515908,0.6151314918619571,0.6524390243902439
early_fusion_all__linear_svm__C0.25__k128,early_fusion_all,post_embedding;zero_shot__macro__sentence;zero_shot__individual__sentence;meta_prompting__macro__sentence;meta_prompting__individual__sentence,linear_svm,0.25,128,1,3,0.6048023419731932,0.5087068728373076,0.6056338028169014
early_fusion_all__linear_svm__C0.25__k128,early_fusion_all,post_embedding;zero_shot__macro__sentence;zero_shot__individual__sentence;meta_prompting__macro__sentence;meta_prompting__individual__sentence,linear_svm,0.25,128,1,4,0.6251445220183379,0.5467972913785722,0.6346153846153846
early_fusion_all__linear_svm__C0.25__k128,early_fusion_all,post_embedding;zero_shot__macro__sentence;zero_shot__individual__sentence;meta_prompting__macro__sentence;meta_prompting__individual__sentence,linear_svm,0.25,128,2,0,0.5846633223249682,0.4918310442962085,0.5750708215297451
early_fusion_all__linear_svm__C0.25__k128,early_fusion_all,post_embedding;zero_shot__macro__sentence;zero_shot__individual__sentence;meta_prompting__macro__sentence;meta_prompting__individual__sentence,linear_svm,0.25,128,2,1,0.5631966959631929,0.4794000925604536,0.5617283950617284
early_fusion_all__linear_svm__C0.25__k128,early_fusion_all,post_embedding;zero_shot__macro__sentence;zero_shot__individual__sentence;meta_prompting__macro__sentence;meta_prompting__individual__sentence,linear_svm,0.25,128,2,2,0.6454801816607132,0.4962518251981644,0.6382978723404256
early_fusion_all__linear_svm__C0.25__k128,early_fusion_all,post_embedding;zero_shot__macro__sentence;zero_shot__individual__sentence;meta_prompting__macro__sentence;meta_prompting__individual__sentence,linear_svm,0.25,128,2,3,0.6110473305263481,0.5599465477863887,0.6139240506329114
early_fusion_all__linear_svm__C0.25__k128,early_fusion_all,post_embedding;zero_shot__macro__sentence;zero_shot__individual__sentence;meta_prompting__macro__sentence;meta_prompting__individual__sentence,linear_svm,0.25,128,2,4,0.608919392563177,0.5450035325409359,0.6134185303514377
early_fusion_all__linear_svm__C1__k64,early_fusion_all,post_embedding;zero_shot__macro__sentence;zero_shot__individual__sentence;meta_prompting__macro__sentence;meta_prompting__individual__sentence,linear_svm,1.0,64,0,0,0.6178452296221284,0.5099450452562778,0.6069182389937107
early_fusion_all__linear_svm__C1__k64,early_fusion_all,post_embedding;zero_shot__macro__sentence;zero_shot__individual__sentence;meta_prompting__macro__sentence;meta_prompting__individual__sentence,linear_svm,1.0,64,0,1,0.5826106115168972,0.48322401678791527,0.5804878048780487
early_fusion_all__linear_svm__C1__k64,early_fusion_all,post_embedding;zero_shot__macro__sentence;zero_shot__individual__sentence;meta_prompting__macro__sentence;meta_prompting__individual__sentence,linear_svm,1.0,64,0,2,0.6216829288259684,0.527296320968373,0.6226993865030674
early_fusion_all__linear_svm__C1__k64,early_fusion_all,post_embedding;zero_shot__macro__sentence;zero_shot__individual__sentence;meta_prompting__macro__sentence;meta_prompting__individual__sentence,linear_svm,1.0,64,0,3,0.5332903545378022,0.48759808195292065,0.5298013245033113
early_fusion_all__linear_svm__C1__k64,early_fusion_all,post_embedding;zero_shot__macro__sentence;zero_shot__individual__sentence;meta_prompting__macro__sentence;meta_prompting__individual__sentence,linear_svm,1.0,64,0,4,0.5522875820887624,0.4726099382662301,0.5591397849462365
early_fusion_all__linear_svm__C1__k64,early_fusion_all,post_embedding;zero_shot__macro__sentence;zero_shot__individual__sentence;meta_prompting__macro__sentence;meta_prompting__individual__sentence,linear_svm,1.0,64,1,0,0.5598079663045628,0.4551359489619616,0.5664739884393064
early_fusion_all__linear_svm__C1__k64,early_fusion_all,post_embedding;zero_shot__macro__sentence;zero_shot__individual__sentence;meta_prompting__macro__sentence;meta_prompting__individual__sentence,linear_svm,1.0,64,1,1,0.6228829037633348,0.5215230772135527,0.6054421768707483
early_fusion_all__linear_svm__C1__k64,early_fusion_all,post_embedding;zero_shot__macro__sentence;zero_shot__individual__sentence;meta_prompting__macro__sentence;meta_prompting__individual__sentence,linear_svm,1.0,64,1,2,0.6087053168910539,0.5649287201584309,0.6097560975609756
early_fusion_all__linear_svm__C1__k64,early_fusion_all,post_embedding;zero_shot__macro__sentence;zero_shot__individual__sentence;meta_prompting__macro__sentence;meta_prompting__individual__sentence,linear_svm,1.0,64,1,3,0.639616683649338,0.558384512808955,0.6338028169014085
early_fusion_all__linear_svm__C1__k64,early_fusion_all,post_embedding;zero_shot__macro__sentence;zero_shot__individual__sentence;meta_prompting__macro__sentence;meta_prompting__individual__sentence,linear_svm,1.0,64,1,4,0.5869282944448231,0.5137056374232868,0.6025641025641025
early_fusion_all__linear_svm__C1__k64,early_fusion_all,post_embedding;zero_shot__macro__sentence;zero_shot__individual__sentence;meta_prompting__macro__sentence;meta_prompting__individual__sentence,linear_svm,1.0,64,2,0,0.6062335356395049,0.47516658596758204,0.5892351274787535
early_fusion_all__linear_svm__C1__k64,early_fusion_all,post_embedding;zero_shot__macro__sentence;zero_shot__individual__sentence;meta_prompting__macro__sentence;meta_prompting__individual__sentence,linear_svm,1.0,64,2,1,0.5789911373244706,0.4692072342072342,0.5802469135802469
early_fusion_all__linear_svm__C1__k64,early_fusion_all,post_embedding;zero_shot__macro__sentence;zero_shot__individual__sentence;meta_prompting__macro__sentence;meta_prompting__individual__sentence,linear_svm,1.0,64,2,2,0.6537315155889578,0.5074744914376454,0.6443768996960486
early_fusion_all__linear_svm__C1__k64,early_fusion_all,post_embedding;zero_shot__macro__sentence;zero_shot__individual__sentence;meta_prompting__macro__sentence;meta_prompting__individual__sentence,linear_svm,1.0,64,2,3,0.5631334418482912,0.5120777862531979,0.5664556962025317
early_fusion_all__linear_svm__C1__k64,early_fusion_all,post_embedding;zero_shot__macro__sentence;zero_shot__individual__sentence;meta_prompting__macro__sentence;meta_prompting__individual__sentence,linear_svm,1.0,64,2,4,0.5943730327940412,0.5447981417222811,0.5942492012779552
early_fusion_all__linear_svm__C1__k128,early_fusion_all,post_embedding;zero_shot__macro__sentence;zero_shot__individual__sentence;meta_prompting__macro__sentence;meta_prompting__individual__sentence,linear_svm,1.0,128,0,0,0.6180384044798262,0.4745847176079734,0.6069182389937107
early_fusion_all__linear_svm__C1__k128,early_fusion_all,post_embedding;zero_shot__macro__sentence;zero_shot__individual__sentence;meta_prompting__macro__sentence;meta_prompting__individual__sentence,linear_svm,1.0,128,0,1,0.5820286911733511,0.47829911212298254,0.5804878048780487
early_fusion_all__linear_svm__C1__k128,early_fusion_all,post_embedding;zero_shot__macro__sentence;zero_shot__individual__sentence;meta_prompting__macro__sentence;meta_prompting__individual__sentence,linear_svm,1.0,128,0,2,0.6240332149893052,0.5207209115214734,0.6196319018404908
early_fusion_all__linear_svm__C1__k128,early_fusion_all,post_embedding;zero_shot__macro__sentence;zero_shot__individual__sentence;meta_prompting__macro__sentence;meta_prompting__individual__sentence,linear_svm,1.0,128,0,3,0.5792801651541568,0.5348336709989493,0.5827814569536424
early_fusion_all__linear_svm__C1__k128,early_fusion_all,post_embedding;zero_shot__macro__sentence;zero_shot__individual__sentence;meta_prompting__macro__sentence;meta_prompting__individual__sentence,linear_svm,1.0,128,0,4,0.5903654383965463,0.5203149201653127,0.5878136200716846
early_fusion_all__linear_svm__C1__k128,early_fusion_all,post_embedding;zero_shot__macro__sentence;zero_shot__individual__sentence;meta_prompting__macro__sentence;meta_prompting__individual__sentence,linear_svm,1.0,128,1,0,0.5764414821805408,0.46011314247921387,0.5635838150289018
early_fusion_all__linear_svm__C1__k128,early_fusion_all,post_embedding;zero_shot__macro__sentence;zero_shot__individual__sentence;meta_prompting__macro__sentence;meta_prompting__individual__sentence,linear_svm,1.0,128,1,1,0.6014584075029354,0.4898291252531914,0.5952380952380952
early_fusion_all__linear_svm__C1__k128,early_fusion_all,post_embedding;zero_shot__macro__sentence;zero_shot__individual__sentence;meta_prompting__macro__sentence;meta_prompting__individual__sentence,linear_svm,1.0,128,1,2,0.6409146648027567,0.6077452303458496,0.6432926829268293
early_fusion_all__linear_svm__C1__k128,early_fusion_all,post_embedding;zero_shot__macro__sentence;zero_shot__individual__sentence;meta_prompting__macro__sentence;meta_prompting__individual__sentence,linear_svm,1.0,128,1,3,0.6012124626628286,0.49123915266427687,0.6
early_fusion_all__linear_svm__C1__k128,early_fusion_all,post_embedding;zero_shot__macro__sentence;zero_shot__individual__sentence;meta_prompting__macro__sentence;meta_prompting__individual__sentence,linear_svm,1.0,128,1,4,0.6060432436072916,0.5242893959266833,0.6153846153846154
early_fusion_all__linear_svm__C1__k128,early_fusion_all,post_embedding;zero_shot__macro__sentence;zero_shot__individual__sentence;meta_prompting__macro__sentence;meta_prompting__individual__sentence,linear_svm,1.0,128,2,0,0.5847910605794512,0.49362814465408805,0.5750708215297451
early_fusion_all__linear_svm__C1__k128,early_fusion_all,post_embedding;zero_shot__macro__sentence;zero_shot__individual__sentence;meta_prompting__macro__sentence;meta_prompting__individual__sentence,linear_svm,1.0,128,2,1,0.548635408020851,0.4588496431469652,0.5462962962962963
early_fusion_all__linear_svm__C1__k128,early_fusion_all,post_embedding;zero_shot__macro__sentence;zero_shot__individual__sentence;meta_prompting__macro__sentence;meta_prompting__individual__sentence,linear_svm,1.0,128,2,2,0.645930047493668,0.4943998692890845,0.6382978723404256
early_fusion_all__linear_svm__C1__k128,early_fusion_all,post_embedding;zero_shot__macro__sentence;zero_shot__individual__sentence;meta_prompting__macro__sentence;meta_prompting__individual__sentence,linear_svm,1.0,128,2,3,0.6108457350726247,0.5629014686140437,0.6107594936708861
early_fusion_all__linear_svm__C1__k128,early_fusion_all,post_embedding;zero_shot__macro__sentence;zero_shot__individual__sentence;meta_prompting__macro__sentence;meta_prompting__individual__sentence,linear_svm,1.0,128,2,4,0.5927192561503919,0.5284580436302101,0.5942492012779552
early_fusion_complementary__logistic_regression__C0.25__k64,early_fusion_complementary,post_embedding;zero_shot__individual__sentence;meta_prompting__macro__sentence,logistic_regression,0.25,64,0,0,0.6150401238194967,0.49085113339824693,0.5880503144654088
early_fusion_complementary__logistic_regression__C0.25__k64,early_fusion_complementary,post_embedding;zero_shot__individual__sentence;meta_prompting__macro__sentence,logistic_regression,0.25,64,0,1,0.5879890242665732,0.4905722526523415,0.5804878048780487
early_fusion_complementary__logistic_regression__C0.25__k64,early_fusion_complementary,post_embedding;zero_shot__individual__sentence;meta_prompting__macro__sentence,logistic_regression,0.25,64,0,2,0.62088872159383,0.5068063385994842,0.6073619631901841
early_fusion_complementary__logistic_regression__C0.25__k64,early_fusion_complementary,post_embedding;zero_shot__individual__sentence;meta_prompting__macro__sentence,logistic_regression,0.25,64,0,3,0.5438655856527583,0.4926093779354397,0.5331125827814569
early_fusion_complementary__logistic_regression__C0.25__k64,early_fusion_complementary,post_embedding;zero_shot__individual__sentence;meta_prompting__macro__sentence,logistic_regression,0.25,64,0,4,0.5800129143259026,0.5199068070234629,0.5698924731182796
early_fusion_complementary__logistic_regression__C0.25__k64,early_fusion_complementary,post_embedding;zero_shot__individual__sentence;meta_prompting__macro__sentence,logistic_regression,0.25,64,1,0,0.5982820865510264,0.48035405030979483,0.5809248554913294
early_fusion_complementary__logistic_regression__C0.25__k64,early_fusion_complementary,post_embedding;zero_shot__individual__sentence;meta_prompting__macro__sentence,logistic_regression,0.25,64,1,1,0.6111103081238455,0.5094927194021318,0.5816326530612245
early_fusion_complementary__logistic_regression__C0.25__k64,early_fusion_complementary,post_embedding;zero_shot__individual__sentence;meta_prompting__macro__sentence,logistic_regression,0.25,64,1,2,0.6010488930043609,0.5710613893406667,0.600609756097561
early_fusion_complementary__logistic_regression__C0.25__k64,early_fusion_complementary,post_embedding;zero_shot__individual__sentence;meta_prompting__macro__sentence,logistic_regression,0.25,64,1,3,0.6219598236352073,0.5358669065910977,0.6056338028169014
early_fusion_complementary__logistic_regression__C0.25__k64,early_fusion_complementary,post_embedding;zero_shot__individual__sentence;meta_prompting__macro__sentence,logistic_regression,0.25,64,1,4,0.6066198226307302,0.5322992291437948,0.6153846153846154
early_fusion_complementary__logistic_regression__C0.25__k64,early_fusion_complementary,post_embedding;zero_shot__individual__sentence;meta_prompting__macro__sentence,logistic_regression,0.25,64,2,0,0.5927370450546888,0.4984821723448744,0.5750708215297451
early_fusion_complementary__logistic_regression__C0.25__k64,early_fusion_complementary,post_embedding;zero_shot__individual__sentence;meta_prompting__macro__sentence,logistic_regression,0.25,64,2,1,0.6092888073951814,0.5057108967729501,0.5864197530864198
early_fusion_complementary__logistic_regression__C0.25__k64,early_fusion_complementary,post_embedding;zero_shot__individual__sentence;meta_prompting__macro__sentence,logistic_regression,0.25,64,2,2,0.6213175047768089,0.5091384462689438,0.6048632218844985
early_fusion_complementary__logistic_regression__C0.25__k64,early_fusion_complementary,post_embedding;zero_shot__individual__sentence;meta_prompting__macro__sentence,logistic_regression,0.25,64,2,3,0.5475055931949637,0.4908714940775226,0.5411392405063291
early_fusion_complementary__logistic_regression__C0.25__k64,early_fusion_complementary,post_embedding;zero_shot__individual__sentence;meta_prompting__macro__sentence,logistic_regression,0.25,64,2,4,0.5988268696309914,0.5297652582159624,0.5878594249201278
early_fusion_complementary__logistic_regression__C0.25__k128,early_fusion_complementary,post_embedding;zero_shot__individual__sentence;meta_prompting__macro__sentence,logistic_regression,0.25,128,0,0,0.6048135602386283,0.4927466888565287,0.5880503144654088
early_fusion_complementary__logistic_regression__C0.25__k128,early_fusion_complementary,post_embedding;zero_shot__individual__sentence;meta_prompting__macro__sentence,logistic_regression,0.25,128,0,1,0.6274478584367591,0.5219394114504271,0.6121951219512195
early_fusion_complementary__logistic_regression__C0.25__k128,early_fusion_complementary,post_embedding;zero_shot__individual__sentence;meta_prompting__macro__sentence,logistic_regression,0.25,128,0,2,0.6419150541304736,0.539512570488596,0.6349693251533742
early_fusion_complementary__logistic_regression__C0.25__k128,early_fusion_complementary,post_embedding;zero_shot__individual__sentence;meta_prompting__macro__sentence,logistic_regression,0.25,128,0,3,0.5562325181569343,0.519916101547557,0.5529801324503312
early_fusion_complementary__logistic_regression__C0.25__k128,early_fusion_complementary,post_embedding;zero_shot__individual__sentence;meta_prompting__macro__sentence,logistic_regression,0.25,128,0,4,0.6027314842693489,0.5342108112297113,0.5878136200716846
early_fusion_complementary__logistic_regression__C0.25__k128,early_fusion_complementary,post_embedding;zero_shot__individual__sentence;meta_prompting__macro__sentence,logistic_regression,0.25,128,1,0,0.5634365256878726,0.4489019448092331,0.5491329479768786
early_fusion_complementary__logistic_regression__C0.25__k128,early_fusion_complementary,post_embedding;zero_shot__individual__sentence;meta_prompting__macro__sentence,logistic_regression,0.25,128,1,1,0.6485769906943022,0.5618250344277741,0.6360544217687075
early_fusion_complementary__logistic_regression__C0.25__k128,early_fusion_complementary,post_embedding;zero_shot__individual__sentence;meta_prompting__macro__sentence,logistic_regression,0.25,128,1,2,0.6548790612370642,0.6201887091813858,0.6524390243902439
early_fusion_complementary__logistic_regression__C0.25__k128,early_fusion_complementary,post_embedding;zero_shot__individual__sentence;meta_prompting__macro__sentence,logistic_regression,0.25,128,1,3,0.605226157284864,0.49539727734310113,0.5943661971830986
early_fusion_complementary__logistic_regression__C0.25__k128,early_fusion_complementary,post_embedding;zero_shot__individual__sentence;meta_prompting__macro__sentence,logistic_regression,0.25,128,1,4,0.6335736217563949,0.5746298519407763,0.6314102564102564
early_fusion_complementary__logistic_regression__C0.25__k128,early_fusion_complementary,post_embedding;zero_shot__individual__sentence;meta_prompting__macro__sentence,logistic_regression,0.25,128,2,0,0.6354253625469292,0.527938808373591,0.6203966005665722
early_fusion_complementary__logistic_regression__C0.25__k128,early_fusion_complementary,post_embedding;zero_shot__individual__sentence;meta_prompting__macro__sentence,logistic_regression,0.25,128,2,1,0.5898142609189297,0.5401858710400019,0.5895061728395061
early_fusion_complementary__logistic_regression__C0.25__k128,early_fusion_complementary,post_embedding;zero_shot__individual__sentence;meta_prompting__macro__sentence,logistic_regression,0.25,128,2,2,0.6696602542829805,0.5304831503558519,0.6534954407294833
early_fusion_complementary__logistic_regression__C0.25__k128,early_fusion_complementary,post_embedding;zero_shot__individual__sentence;meta_prompting__macro__sentence,logistic_regression,0.25,128,2,3,0.5792602593998049,0.5354474408691277,0.5759493670886076
early_fusion_complementary__logistic_regression__C0.25__k128,early_fusion_complementary,post_embedding;zero_shot__individual__sentence;meta_prompting__macro__sentence,logistic_regression,0.25,128,2,4,0.5938774287553873,0.5285401126081212,0.5846645367412141
early_fusion_complementary__logistic_regression__C1__k64,early_fusion_complementary,post_embedding;zero_shot__individual__sentence;meta_prompting__macro__sentence,logistic_regression,1.0,64,0,0,0.6228443173662126,0.4958389025820877,0.5911949685534591
early_fusion_complementary__logistic_regression__C1__k64,early_fusion_complementary,post_embedding;zero_shot__individual__sentence;meta_prompting__macro__sentence,logistic_regression,1.0,64,0,1,0.5823306981017116,0.48741721737287286,0.5756097560975609
early_fusion_complementary__logistic_regression__C1__k64,early_fusion_complementary,post_embedding;zero_shot__individual__sentence;meta_prompting__macro__sentence,logistic_regression,1.0,64,0,2,0.6151224876366215,0.5027472874859439,0.6012269938650306
early_fusion_complementary__logistic_regression__C1__k64,early_fusion_complementary,post_embedding;zero_shot__individual__sentence;meta_prompting__macro__sentence,logistic_regression,1.0,64,0,3,0.5366448382256971,0.4859912488944747,0.5264900662251656
early_fusion_complementary__logistic_regression__C1__k64,early_fusion_complementary,post_embedding;zero_shot__individual__sentence;meta_prompting__macro__sentence,logistic_regression,1.0,64,0,4,0.556780416992483,0.5012819217459396,0.5483870967741935
early_fusion_complementary__logistic_regression__C1__k64,early_fusion_complementary,post_embedding;zero_shot__individual__sentence;meta_prompting__macro__sentence,logistic_regression,1.0,64,1,0,0.5896134869243503,0.46672098178445254,0.5722543352601156
early_fusion_complementary__logistic_regression__C1__k64,early_fusion_complementary,post_embedding;zero_shot__individual__sentence;meta_prompting__macro__sentence,logistic_regression,1.0,64,1,1,0.6040442106469055,0.49811842305805487,0.5714285714285714
early_fusion_complementary__logistic_regression__C1__k64,early_fusion_complementary,post_embedding;zero_shot__individual__sentence;meta_prompting__macro__sentence,logistic_regression,1.0,64,1,2,0.6026008939650236,0.5795893845333777,0.6036585365853658
early_fusion_complementary__logistic_regression__C1__k64,early_fusion_complementary,post_embedding;zero_shot__individual__sentence;meta_prompting__macro__sentence,logistic_regression,1.0,64,1,3,0.6136550847174398,0.5228123811162693,0.5971830985915493
early_fusion_complementary__logistic_regression__C1__k64,early_fusion_complementary,post_embedding;zero_shot__individual__sentence;meta_prompting__macro__sentence,logistic_regression,1.0,64,1,4,0.617535638875045,0.5385755813387393,0.6282051282051282
early_fusion_complementary__logistic_regression__C1__k64,early_fusion_complementary,post_embedding;zero_shot__individual__sentence;meta_prompting__macro__sentence,logistic_regression,1.0,64,2,0,0.5905382177866814,0.4813292450005221,0.5722379603399433
early_fusion_complementary__logistic_regression__C1__k64,early_fusion_complementary,post_embedding;zero_shot__individual__sentence;meta_prompting__macro__sentence,logistic_regression,1.0,64,2,1,0.5946512001929959,0.4840001608298822,0.5709876543209876
early_fusion_complementary__logistic_regression__C1__k64,early_fusion_complementary,post_embedding;zero_shot__individual__sentence;meta_prompting__macro__sentence,logistic_regression,1.0,64,2,2,0.6360174866455238,0.5177241698569339,0.6170212765957447
early_fusion_complementary__logistic_regression__C1__k64,early_fusion_complementary,post_embedding;zero_shot__individual__sentence;meta_prompting__macro__sentence,logistic_regression,1.0,64,2,3,0.5521419533280321,0.4964426975020714,0.5474683544303798
early_fusion_complementary__logistic_regression__C1__k64,early_fusion_complementary,post_embedding;zero_shot__individual__sentence;meta_prompting__macro__sentence,logistic_regression,1.0,64,2,4,0.6146545008206131,0.544987326897232,0.6038338658146964
early_fusion_complementary__logistic_regression__C1__k128,early_fusion_complementary,post_embedding;zero_shot__individual__sentence;meta_prompting__macro__sentence,logistic_regression,1.0,128,0,0,0.5858886529955001,0.4721087550277583,0.5691823899371069
early_fusion_complementary__logistic_regression__C1__k128,early_fusion_complementary,post_embedding;zero_shot__individual__sentence;meta_prompting__macro__sentence,logistic_regression,1.0,128,0,1,0.6096973267704975,0.5139065139065139,0.5975609756097561
early_fusion_complementary__logistic_regression__C1__k128,early_fusion_complementary,post_embedding;zero_shot__individual__sentence;meta_prompting__macro__sentence,logistic_regression,1.0,128,0,2,0.6356193064708149,0.52790159789765,0.6257668711656442
early_fusion_complementary__logistic_regression__C1__k128,early_fusion_complementary,post_embedding;zero_shot__individual__sentence;meta_prompting__macro__sentence,logistic_regression,1.0,128,0,3,0.5592230227224679,0.5242885097038527,0.5562913907284768
early_fusion_complementary__logistic_regression__C1__k128,early_fusion_complementary,post_embedding;zero_shot__individual__sentence;meta_prompting__macro__sentence,logistic_regression,1.0,128,0,4,0.5875847125274775,0.5220766318014919,0.5734767025089605
early_fusion_complementary__logistic_regression__C1__k128,early_fusion_complementary,post_embedding;zero_shot__individual__sentence;meta_prompting__macro__sentence,logistic_regression,1.0,128,1,0,0.5624064816261348,0.44721753003003006,0.546242774566474
early_fusion_complementary__logistic_regression__C1__k128,early_fusion_complementary,post_embedding;zero_shot__individual__sentence;meta_prompting__macro__sentence,logistic_regression,1.0,128,1,1,0.6288297907216565,0.5502160322065536,0.6156462585034014
early_fusion_complementary__logistic_regression__C1__k128,early_fusion_complementary,post_embedding;zero_shot__individual__sentence;meta_prompting__macro__sentence,logistic_regression,1.0,128,1,2,0.6449971985650775,0.6113193402290319,0.6432926829268293
early_fusion_complementary__logistic_regression__C1__k128,early_fusion_complementary,post_embedding;zero_shot__individual__sentence;meta_prompting__macro__sentence,logistic_regression,1.0,128,1,3,0.6077525185650626,0.49450281670868124,0.5971830985915493
early_fusion_complementary__logistic_regression__C1__k128,early_fusion_complementary,post_embedding;zero_shot__individual__sentence;meta_prompting__macro__sentence,logistic_regression,1.0,128,1,4,0.6276153994972606,0.5765380083801803,0.625
early_fusion_complementary__logistic_regression__C1__k128,early_fusion_complementary,post_embedding;zero_shot__individual__sentence;meta_prompting__macro__sentence,logistic_regression,1.0,128,2,0,0.6359129702760933,0.5276191487931683,0.6203966005665722
early_fusion_complementary__logistic_regression__C1__k128,early_fusion_complementary,post_embedding;zero_shot__individual__sentence;meta_prompting__macro__sentence,logistic_regression,1.0,128,2,1,0.6003061901766107,0.5491094259993954,0.5987654320987654
early_fusion_complementary__logistic_regression__C1__k128,early_fusion_complementary,post_embedding;zero_shot__individual__sentence;meta_prompting__macro__sentence,logistic_regression,1.0,128,2,2,0.6713486984059706,0.5224903342773424,0.6565349544072948
early_fusion_complementary__logistic_regression__C1__k128,early_fusion_complementary,post_embedding;zero_shot__individual__sentence;meta_prompting__macro__sentence,logistic_regression,1.0,128,2,3,0.570131629003226,0.5271531193620235,0.5664556962025317
early_fusion_complementary__logistic_regression__C1__k128,early_fusion_complementary,post_embedding;zero_shot__individual__sentence;meta_prompting__macro__sentence,logistic_regression,1.0,128,2,4,0.6129107042335925,0.5414492215550257,0.6038338658146964
early_fusion_complementary__linear_svm__C0.25__k64,early_fusion_complementary,post_embedding;zero_shot__individual__sentence;meta_prompting__macro__sentence,linear_svm,0.25,64,0,0,0.65370176378842,0.5224917685829474,0.6352201257861635
early_fusion_complementary__linear_svm__C0.25__k64,early_fusion_complementary,post_embedding;zero_shot__individual__sentence;meta_prompting__macro__sentence,linear_svm,0.25,64,0,1,0.602783857500762,0.5130047424937698,0.6024390243902439
early_fusion_complementary__linear_svm__C0.25__k64,early_fusion_complementary,post_embedding;zero_shot__individual__sentence;meta_prompting__macro__sentence,linear_svm,0.25,64,0,2,0.6403594398980728,0.5349502002392469,0.6411042944785276
early_fusion_complementary__linear_svm__C0.25__k64,early_fusion_complementary,post_embedding;zero_shot__individual__sentence;meta_prompting__macro__sentence,linear_svm,0.25,64,0,3,0.5495943162762814,0.5030815862429168,0.5496688741721855
early_fusion_complementary__linear_svm__C0.25__k64,early_fusion_complementary,post_embedding;zero_shot__individual__sentence;meta_prompting__macro__sentence,linear_svm,0.25,64,0,4,0.5669694297550435,0.5110668866258693,0.5698924731182796
early_fusion_complementary__linear_svm__C0.25__k64,early_fusion_complementary,post_embedding;zero_shot__individual__sentence;meta_prompting__macro__sentence,linear_svm,0.25,64,1,0,0.5755618586060312,0.4526304087035658,0.5722543352601156
early_fusion_complementary__linear_svm__C0.25__k64,early_fusion_complementary,post_embedding;zero_shot__individual__sentence;meta_prompting__macro__sentence,linear_svm,0.25,64,1,1,0.6068131902791657,0.49904090529441214,0.5884353741496599
early_fusion_complementary__linear_svm__C0.25__k64,early_fusion_complementary,post_embedding;zero_shot__individual__sentence;meta_prompting__macro__sentence,linear_svm,0.25,64,1,2,0.6122190144349169,0.5888364203202461,0.6219512195121951
early_fusion_complementary__linear_svm__C0.25__k64,early_fusion_complementary,post_embedding;zero_shot__individual__sentence;meta_prompting__macro__sentence,linear_svm,0.25,64,1,3,0.6201339798989256,0.52827414032108,0.6169014084507042
early_fusion_complementary__linear_svm__C0.25__k64,early_fusion_complementary,post_embedding;zero_shot__individual__sentence;meta_prompting__macro__sentence,linear_svm,0.25,64,1,4,0.6197797630934683,0.540697807638557,0.6346153846153846
early_fusion_complementary__linear_svm__C0.25__k64,early_fusion_complementary,post_embedding;zero_shot__individual__sentence;meta_prompting__macro__sentence,linear_svm,0.25,64,2,0,0.5860336094637582,0.4848116647766438,0.5779036827195467
early_fusion_complementary__linear_svm__C0.25__k64,early_fusion_complementary,post_embedding;zero_shot__individual__sentence;meta_prompting__macro__sentence,linear_svm,0.25,64,2,1,0.5826517120095785,0.4845203089502588,0.5802469135802469
early_fusion_complementary__linear_svm__C0.25__k64,early_fusion_complementary,post_embedding;zero_shot__individual__sentence;meta_prompting__macro__sentence,linear_svm,0.25,64,2,2,0.6551121354578684,0.5256482337751688,0.6504559270516718
early_fusion_complementary__linear_svm__C0.25__k64,early_fusion_complementary,post_embedding;zero_shot__individual__sentence;meta_prompting__macro__sentence,linear_svm,0.25,64,2,3,0.5653023516256572,0.5092662638670428,0.569620253164557
early_fusion_complementary__linear_svm__C0.25__k64,early_fusion_complementary,post_embedding;zero_shot__individual__sentence;meta_prompting__macro__sentence,linear_svm,0.25,64,2,4,0.6197315535926519,0.5521958335996061,0.6166134185303515
early_fusion_complementary__linear_svm__C0.25__k128,early_fusion_complementary,post_embedding;zero_shot__individual__sentence;meta_prompting__macro__sentence,linear_svm,0.25,128,0,0,0.6124050633656853,0.4800973828362751,0.60062893081761
early_fusion_complementary__linear_svm__C0.25__k128,early_fusion_complementary,post_embedding;zero_shot__individual__sentence;meta_prompting__macro__sentence,linear_svm,0.25,128,0,1,0.5770953757393453,0.47292109245269676,0.573170731707317
early_fusion_complementary__linear_svm__C0.25__k128,early_fusion_complementary,post_embedding;zero_shot__individual__sentence;meta_prompting__macro__sentence,linear_svm,0.25,128,0,2,0.652258117153731,0.5539968427095292,0.6533742331288344
early_fusion_complementary__linear_svm__C0.25__k128,early_fusion_complementary,post_embedding;zero_shot__individual__sentence;meta_prompting__macro__sentence,linear_svm,0.25,128,0,3,0.5620593880592458,0.5228564478583093,0.5596026490066225
early_fusion_complementary__linear_svm__C0.25__k128,early_fusion_complementary,post_embedding;zero_shot__individual__sentence;meta_prompting__macro__sentence,linear_svm,0.25,128,0,4,0.5995875538933043,0.5308786231884058,0.5949820788530465
early_fusion_complementary__linear_svm__C0.25__k128,early_fusion_complementary,post_embedding;zero_shot__individual__sentence;meta_prompting__macro__sentence,linear_svm,0.25,128,1,0,0.5630161644737347,0.4484170376734619,0.5520231213872833
early_fusion_complementary__linear_svm__C0.25__k128,early_fusion_complementary,post_embedding;zero_shot__individual__sentence;meta_prompting__macro__sentence,linear_svm,0.25,128,1,1,0.6519285484090384,0.5632637208436291,0.6462585034013606
early_fusion_complementary__linear_svm__C0.25__k128,early_fusion_complementary,post_embedding;zero_shot__individual__sentence;meta_prompting__macro__sentence,linear_svm,0.25,128,1,2,0.6623284371946976,0.6291275402705427,0.6646341463414634
early_fusion_complementary__linear_svm__C0.25__k128,early_fusion_complementary,post_embedding;zero_shot__individual__sentence;meta_prompting__macro__sentence,linear_svm,0.25,128,1,3,0.6047584153784967,0.4830168445511445,0.6028169014084507
early_fusion_complementary__linear_svm__C0.25__k128,early_fusion_complementary,post_embedding;zero_shot__individual__sentence;meta_prompting__macro__sentence,linear_svm,0.25,128,1,4,0.6336139990602854,0.5722836139798501,0.6378205128205128
early_fusion_complementary__linear_svm__C0.25__k128,early_fusion_complementary,post_embedding;zero_shot__individual__sentence;meta_prompting__macro__sentence,linear_svm,0.25,128,2,0,0.6169331222203035,0.5197671416625042,0.6062322946175638
early_fusion_complementary__linear_svm__C0.25__k128,early_fusion_complementary,post_embedding;zero_shot__individual__sentence;meta_prompting__macro__sentence,linear_svm,0.25,128,2,1,0.5809973976640643,0.5108192559320379,0.5833333333333334
early_fusion_complementary__linear_svm__C0.25__k128,early_fusion_complementary,post_embedding;zero_shot__individual__sentence;meta_prompting__macro__sentence,linear_svm,0.25,128,2,2,0.6606125326024849,0.49491526513642814,0.6504559270516718
early_fusion_complementary__linear_svm__C0.25__k128,early_fusion_complementary,post_embedding;zero_shot__individual__sentence;meta_prompting__macro__sentence,linear_svm,0.25,128,2,3,0.5825263940574854,0.5350967790667195,0.5822784810126582
early_fusion_complementary__linear_svm__C0.25__k128,early_fusion_complementary,post_embedding;zero_shot__individual__sentence;meta_prompting__macro__sentence,linear_svm,0.25,128,2,4,0.636169599624153,0.5621112408784923,0.6325878594249201
early_fusion_complementary__linear_svm__C1__k64,early_fusion_complementary,post_embedding;zero_shot__individual__sentence;meta_prompting__macro__sentence,linear_svm,1.0,64,0,0,0.6525101934635522,0.5227048005873437,0.6352201257861635
early_fusion_complementary__linear_svm__C1__k64,early_fusion_complementary,post_embedding;zero_shot__individual__sentence;meta_prompting__macro__sentence,linear_svm,1.0,64,0,1,0.6035584689721136,0.5215449628127113,0.6024390243902439
early_fusion_complementary__linear_svm__C1__k64,early_fusion_complementary,post_embedding;zero_shot__individual__sentence;meta_prompting__macro__sentence,linear_svm,1.0,64,0,2,0.627680074191214,0.5233377630589552,0.6288343558282209
early_fusion_complementary__linear_svm__C1__k64,early_fusion_complementary,post_embedding;zero_shot__individual__sentence;meta_prompting__macro__sentence,linear_svm,1.0,64,0,3,0.5396041920238901,0.49042451064189047,0.5397350993377483
early_fusion_complementary__linear_svm__C1__k64,early_fusion_complementary,post_embedding;zero_shot__individual__sentence;meta_prompting__macro__sentence,linear_svm,1.0,64,0,4,0.5632910531386297,0.5076798757300501,0.5663082437275986
early_fusion_complementary__linear_svm__C1__k64,early_fusion_complementary,post_embedding;zero_shot__individual__sentence;meta_prompting__macro__sentence,linear_svm,1.0,64,1,0,0.5759417423999971,0.4525606162147301,0.5722543352601156
early_fusion_complementary__linear_svm__C1__k64,early_fusion_complementary,post_embedding;zero_shot__individual__sentence;meta_prompting__macro__sentence,linear_svm,1.0,64,1,1,0.6133671911642801,0.5044419717697514,0.5952380952380952
early_fusion_complementary__linear_svm__C1__k64,early_fusion_complementary,post_embedding;zero_shot__individual__sentence;meta_prompting__macro__sentence,linear_svm,1.0,64,1,2,0.6054230076778521,0.5819777261586101,0.6158536585365854
early_fusion_complementary__linear_svm__C1__k64,early_fusion_complementary,post_embedding;zero_shot__individual__sentence;meta_prompting__macro__sentence,linear_svm,1.0,64,1,3,0.6183622062323174,0.5205304657010562,0.6140845070422535
early_fusion_complementary__linear_svm__C1__k64,early_fusion_complementary,post_embedding;zero_shot__individual__sentence;meta_prompting__macro__sentence,linear_svm,1.0,64,1,4,0.6239013548372541,0.545086144979368,0.6378205128205128
early_fusion_complementary__linear_svm__C1__k64,early_fusion_complementary,post_embedding;zero_shot__individual__sentence;meta_prompting__macro__sentence,linear_svm,1.0,64,2,0,0.5952843630423632,0.4921493293635027,0.5864022662889519
early_fusion_complementary__linear_svm__C1__k64,early_fusion_complementary,post_embedding;zero_shot__individual__sentence;meta_prompting__macro__sentence,linear_svm,1.0,64,2,1,0.5830664974623224,0.48664156702130995,0.5802469135802469
early_fusion_complementary__linear_svm__C1__k64,early_fusion_complementary,post_embedding;zero_shot__individual__sentence;meta_prompting__macro__sentence,linear_svm,1.0,64,2,2,0.6649484140876818,0.533324364930619,0.6595744680851063
early_fusion_complementary__linear_svm__C1__k64,early_fusion_complementary,post_embedding;zero_shot__individual__sentence;meta_prompting__macro__sentence,linear_svm,1.0,64,2,3,0.5650753645815847,0.5094976365367612,0.569620253164557
early_fusion_complementary__linear_svm__C1__k64,early_fusion_complementary,post_embedding;zero_shot__individual__sentence;meta_prompting__macro__sentence,linear_svm,1.0,64,2,4,0.6225343277698736,0.5603190290376422,0.6198083067092651
early_fusion_complementary__linear_svm__C1__k128,early_fusion_complementary,post_embedding;zero_shot__individual__sentence;meta_prompting__macro__sentence,linear_svm,1.0,128,0,0,0.6294268666344137,0.4965301715828031,0.6194968553459119
early_fusion_complementary__linear_svm__C1__k128,early_fusion_complementary,post_embedding;zero_shot__individual__sentence;meta_prompting__macro__sentence,linear_svm,1.0,128,0,1,0.572985937678896,0.4677295258516801,0.5658536585365853
early_fusion_complementary__linear_svm__C1__k128,early_fusion_complementary,post_embedding;zero_shot__individual__sentence;meta_prompting__macro__sentence,linear_svm,1.0,128,0,2,0.6364424198421803,0.5353911351311234,0.6349693251533742
early_fusion_complementary__linear_svm__C1__k128,early_fusion_complementary,post_embedding;zero_shot__individual__sentence;meta_prompting__macro__sentence,linear_svm,1.0,128,0,3,0.5651488492243134,0.5281435634320135,0.5629139072847682
early_fusion_complementary__linear_svm__C1__k128,early_fusion_complementary,post_embedding;zero_shot__individual__sentence;meta_prompting__macro__sentence,linear_svm,1.0,128,0,4,0.602995263481328,0.5345964120720176,0.5949820788530465
early_fusion_complementary__linear_svm__C1__k128,early_fusion_complementary,post_embedding;zero_shot__individual__sentence;meta_prompting__macro__sentence,linear_svm,1.0,128,1,0,0.559820972125017,0.4466455521587609,0.5491329479768786
early_fusion_complementary__linear_svm__C1__k128,early_fusion_complementary,post_embedding;zero_shot__individual__sentence;meta_prompting__macro__sentence,linear_svm,1.0,128,1,1,0.6253401270340226,0.529346718342729,0.6190476190476191
early_fusion_complementary__linear_svm__C1__k128,early_fusion_complementary,post_embedding;zero_shot__individual__sentence;meta_prompting__macro__sentence,linear_svm,1.0,128,1,2,0.6654963144840834,0.6272357830468406,0.6676829268292683
early_fusion_complementary__linear_svm__C1__k128,early_fusion_complementary,post_embedding;zero_shot__individual__sentence;meta_prompting__macro__sentence,linear_svm,1.0,128,1,3,0.5906599214511589,0.4714905967030416,0.5887323943661972
early_fusion_complementary__linear_svm__C1__k128,early_fusion_complementary,post_embedding;zero_shot__individual__sentence;meta_prompting__macro__sentence,linear_svm,1.0,128,1,4,0.6303193314638919,0.5652614936111795,0.6314102564102564
early_fusion_complementary__linear_svm__C1__k128,early_fusion_complementary,post_embedding;zero_shot__individual__sentence;meta_prompting__macro__sentence,linear_svm,1.0,128,2,0,0.6083068079650525,0.5112509778440383,0.5977337110481586
early_fusion_complementary__linear_svm__C1__k128,early_fusion_complementary,post_embedding;zero_shot__individual__sentence;meta_prompting__macro__sentence,linear_svm,1.0,128,2,1,0.5771235957617641,0.5075704224432549,0.5802469135802469
early_fusion_complementary__linear_svm__C1__k128,early_fusion_complementary,post_embedding;zero_shot__individual__sentence;meta_prompting__macro__sentence,linear_svm,1.0,128,2,2,0.6604101351487673,0.49571196730543304,0.6504559270516718
early_fusion_complementary__linear_svm__C1__k128,early_fusion_complementary,post_embedding;zero_shot__individual__sentence;meta_prompting__macro__sentence,linear_svm,1.0,128,2,3,0.5829830411343965,0.5328117062791207,0.5822784810126582
early_fusion_complementary__linear_svm__C1__k128,early_fusion_complementary,post_embedding;zero_shot__individual__sentence;meta_prompting__macro__sentence,linear_svm,1.0,128,2,4,0.6434055163823175,0.567788287323365,0.6389776357827476
